Name,Location,Description,GoogleMapsURL,ReviewStatus
100 QRC,100 QRC 香港,ID：building-100-qrc | 類別：building | 原始狀態：candidate_image_reading | 圖譜關聯車站／建築：沒有圖譜關聯記錄。 | 證據 URL：原始記錄沒有提供可公開引用的外部證據 URL。 | GitHub 來源：https://github.com/wyf0824/hk-covered-walkways/blob/main/data/station-mall-graph.json | 使用說明：這是名稱／地址資料點，不是步行導航；GoogleMapsURL 是名稱搜尋連結，請自行核對結果。圖譜關聯或 covered 候選不代表真實、現時可走或全程有蓋路線。,https://www.google.com/maps/search/?api=1&query=100%20QRC%20%E9%A6%99%E6%B8%AF,candidate_image_reading
1881 Heritage,1881 Heritage 香港,ID：building-1881-heritage | 類別：building | 原始狀態：candidate_image_reading | 圖譜關聯車站／建築：尖沙咀（tsim-sha-tsui）；邊ID walk-tst-tst-1881-heritage；邊狀態 candidate；端點核對 True | 證據 URL：原始記錄沒有提供可公開引用的外部證據 URL。 | GitHub 來源：https://github.com/wyf0824/hk-covered-walkways/blob/main/data/station-mall-graph.json | 使用說明：這是名稱／地址資料點，不是步行導航；GoogleMapsURL 是名稱搜尋連結，請自行核對結果。圖譜關聯或 covered 候選不代表真實、現時可走或全程有蓋路線。,https://www.google.com/maps/search/?api=1&query=1881%20Heritage%20%E9%A6%99%E6%B8%AF,candidate_image_reading
金鐘中心,金鐘中心 香港,ID：building-admiralty-centre | 類別：building | 原始狀態：candidate_image_reading | 圖譜關聯車站／建築：沒有圖譜關聯記錄。 | 證據 URL：原始記錄沒有提供可公開引用的外部證據 URL。 | GitHub 來源：https://github.com/wyf0824/hk-covered-walkways/blob/main/data/station-mall-graph.json | 使用說明：這是名稱／地址資料點，不是步行導航；GoogleMapsURL 是名稱搜尋連結，請自行核對結果。圖譜關聯或 covered 候選不代表真實、現時可走或全程有蓋路線。,https://www.google.com/maps/search/?api=1&query=%E9%87%91%E9%90%98%E4%B8%AD%E5%BF%83%20%E9%A6%99%E6%B8%AF,candidate_image_reading
AEON STYLE,AEON STYLE 香港,ID：building-aeon-style | 類別：building | 原始狀態：candidate_image_reading | 圖譜關聯車站／建築：沒有圖譜關聯記錄。 | 證據 URL：原始記錄沒有提供可公開引用的外部證據 URL。 | GitHub 來源：https://github.com/wyf0824/hk-covered-walkways/blob/main/data/station-mall-graph.json | 使用說明：這是名稱／地址資料點，不是步行導航；GoogleMapsURL 是名稱搜尋連結，請自行核對結果。圖譜關聯或 covered 候選不代表真實、現時可走或全程有蓋路線。,https://www.google.com/maps/search/?api=1&query=AEON%20STYLE%20%E9%A6%99%E6%B8%AF,candidate_image_reading
AIRSIDE,AIRSIDE 香港,ID：building-airside | 類別：building | 原始狀態：candidate_image_reading | 圖譜關聯車站／建築：沒有圖譜關聯記錄。 | 證據 URL：原始記錄沒有提供可公開引用的外部證據 URL。 | GitHub 來源：https://github.com/wyf0824/hk-covered-walkways/blob/main/data/station-mall-graph.json | 使用說明：這是名稱／地址資料點，不是步行導航；GoogleMapsURL 是名稱搜尋連結，請自行核對結果。圖譜關聯或 covered 候選不代表真實、現時可走或全程有蓋路線。,https://www.google.com/maps/search/?api=1&query=AIRSIDE%20%E9%A6%99%E6%B8%AF,candidate_image_reading
歷山大廈,歷山大廈 香港,ID：building-alexandra-house | 類別：building | 原始狀態：candidate_image_reading | 圖譜關聯車站／建築：中環（central）；邊ID covered-link-108；邊狀態 candidate；端點核對 True | 證據 URL：原始記錄沒有提供可公開引用的外部證據 URL。 | GitHub 來源：https://github.com/wyf0824/hk-covered-walkways/blob/main/data/station-mall-graph.json | 使用說明：這是名稱／地址資料點，不是步行導航；GoogleMapsURL 是名稱搜尋連結，請自行核對結果。圖譜關聯或 covered 候選不代表真實、現時可走或全程有蓋路線。,https://www.google.com/maps/search/?api=1&query=%E6%AD%B7%E5%B1%B1%E5%A4%A7%E5%BB%88%20%E9%A6%99%E6%B8%AF,candidate_image_reading
APM,"418 Kwun Tong Road, Kwun Tong, Kowloon, Hong Kong",ID：building-apm | 類別：building | 原始狀態：candidate_image_reading | 圖譜關聯車站／建築：觀塘（kwun-tong）；邊ID covered-link-111；邊狀態 candidate；端點核對 True；觀塘（kwun-tong）；邊ID official-access-kwun-tong-apm；邊狀態 official_access_only；端點核對 True | 證據 URL：https://www.hkapm.com.hk/；https://www.hkapm.com.hk/transport/ | GitHub 來源：https://github.com/wyf0824/hk-covered-walkways/blob/main/data/station-mall-graph.json | 使用說明：這是名稱／地址資料點，不是步行導航；GoogleMapsURL 是名稱搜尋連結，請自行核對結果。圖譜關聯或 covered 候選不代表真實、現時可走或全程有蓋路線。 | 官方核查摘要（只限該筆）：apm（創紀之城五期）· 觀塘站 A2 出口。官方交通頁列出觀塘道 418 號及觀塘站 A2 出口；車站直連與有蓋路線尚未核實。 | 更多核查：https://github.com/wyf0824/hk-covered-walkways/blob/main/data/official-checks.json | 另有一筆同名 APM 候選記錄；兩筆來源區域不同，重複尚未解決，請勿合併。,https://www.google.com/maps/search/?api=1&query=APM%20%E9%A6%99%E6%B8%AF,candidate_image_reading
中建大廈,中建大廈 香港,ID：building-central-building | 類別：building | 原始狀態：image_coordinate_reviewed | 圖譜關聯車站／建築：中環大廈（building-central-tower）；邊ID covered-link-117；邊狀態 image_confirmed；端點核對 True；置地大廈（building-landmark）；邊ID covered-link-116；邊狀態 image_confirmed；端點核對 True | 證據 URL：原始記錄沒有提供可公開引用的外部證據 URL。 | GitHub 來源：https://github.com/wyf0824/hk-covered-walkways/blob/main/data/station-mall-graph.json | 使用說明：這是名稱／地址資料點，不是步行導航；GoogleMapsURL 是名稱搜尋連結，請自行核對結果。圖譜關聯或 covered 候選不代表真實、現時可走或全程有蓋路線。,https://www.google.com/maps/search/?api=1&query=%E4%B8%AD%E5%BB%BA%E5%A4%A7%E5%BB%88%20%E9%A6%99%E6%B8%AF,image_coordinate_reviewed
政府總部,政府總部 香港,ID：building-central-government-offices | 類別：building | 原始狀態：image_coordinate_reviewed | 圖譜關聯車站／建築：交易廣場（building-exchange-square）；邊ID covered-link-112；邊狀態 image_confirmed；端點核對 True；怡和大廈（building-jardine-house）；邊ID covered-link-113；邊狀態 image_confirmed；端點核對 True；金鐘（admiralty）；邊ID covered-link-103；邊狀態 candidate；端點核對 True | 證據 URL：原始記錄沒有提供可公開引用的外部證據 URL。 | GitHub 來源：https://github.com/wyf0824/hk-covered-walkways/blob/main/data/station-mall-graph.json | 使用說明：這是名稱／地址資料點，不是步行導航；GoogleMapsURL 是名稱搜尋連結，請自行核對結果。圖譜關聯或 covered 候選不代表真實、現時可走或全程有蓋路線。,https://www.google.com/maps/search/?api=1&query=%E6%94%BF%E5%BA%9C%E7%B8%BD%E9%83%A8%20%E9%A6%99%E6%B8%AF,image_coordinate_reviewed
中環街市,中環街市 香港,ID：building-central-market | 類別：building | 原始狀態：candidate_image_reading | 圖譜關聯車站／建築：中環（central）；邊ID covered-link-095；邊狀態 candidate；端點核對 True | 證據 URL：原始記錄沒有提供可公開引用的外部證據 URL。 | GitHub 來源：https://github.com/wyf0824/hk-covered-walkways/blob/main/data/station-mall-graph.json | 使用說明：這是名稱／地址資料點，不是步行導航；GoogleMapsURL 是名稱搜尋連結，請自行核對結果。圖譜關聯或 covered 候選不代表真實、現時可走或全程有蓋路線。,https://www.google.com/maps/search/?api=1&query=%E4%B8%AD%E7%92%B0%E8%A1%97%E5%B8%82%20%E9%A6%99%E6%B8%AF,candidate_image_reading
中環大廈,中環大廈 香港,ID：building-central-tower | 類別：building | 原始狀態：image_coordinate_reviewed | 圖譜關聯車站／建築：中建大廈（building-central-building）；邊ID covered-link-117；邊狀態 image_confirmed；端點核對 True；娛樂行（building-entertainment-building）；邊ID covered-link-118；邊狀態 image_confirmed；端點核對 True | 證據 URL：原始記錄沒有提供可公開引用的外部證據 URL。 | GitHub 來源：https://github.com/wyf0824/hk-covered-walkways/blob/main/data/station-mall-graph.json | 使用說明：這是名稱／地址資料點，不是步行導航；GoogleMapsURL 是名稱搜尋連結，請自行核對結果。圖譜關聯或 covered 候選不代表真實、現時可走或全程有蓋路線。,https://www.google.com/maps/search/?api=1&query=%E4%B8%AD%E7%92%B0%E5%A4%A7%E5%BB%88%20%E9%A6%99%E6%B8%AF,image_coordinate_reviewed
遮打大廈,遮打大廈 香港,ID：building-chater-house | 類別：building | 原始狀態：candidate_image_reading | 圖譜關聯車站／建築：中環（central）；邊ID covered-link-106；邊狀態 candidate；端點核對 True | 證據 URL：原始記錄沒有提供可公開引用的外部證據 URL。 | GitHub 來源：https://github.com/wyf0824/hk-covered-walkways/blob/main/data/station-mall-graph.json | 使用說明：這是名稱／地址資料點，不是步行導航；GoogleMapsURL 是名稱搜尋連結，請自行核對結果。圖譜關聯或 covered 候選不代表真實、現時可走或全程有蓋路線。,https://www.google.com/maps/search/?api=1&query=%E9%81%AE%E6%89%93%E5%A4%A7%E5%BB%88%20%E9%A6%99%E6%B8%AF,candidate_image_reading
長江集團中心,長江集團中心 香港,ID：building-cheung-kong-centre | 類別：building | 原始狀態：image_coordinate_reviewed | 圖譜關聯車站／建築：The Henderson（building-the-henderson）；邊ID covered-link-119；邊狀態 image_confirmed；端點核對 True；花園道三號（building-garden-road-3）；邊ID covered-link-120；邊狀態 image_confirmed；端點核對 True | 證據 URL：原始記錄沒有提供可公開引用的外部證據 URL。 | GitHub 來源：https://github.com/wyf0824/hk-covered-walkways/blob/main/data/station-mall-graph.json | 使用說明：這是名稱／地址資料點，不是步行導航；GoogleMapsURL 是名稱搜尋連結，請自行核對結果。圖譜關聯或 covered 候選不代表真實、現時可走或全程有蓋路線。,https://www.google.com/maps/search/?api=1&query=%E9%95%B7%E6%B1%9F%E9%9B%86%E5%9C%98%E4%B8%AD%E5%BF%83%20%E9%A6%99%E6%B8%AF,image_coordinate_reviewed
力寶中心,力寶中心 香港,ID：building-citic-tower | 類別：building | 原始狀態：candidate_image_reading | 圖譜關聯車站／建築：金鐘（admiralty）；邊ID covered-link-105；邊狀態 candidate；端點核對 True | 證據 URL：原始記錄沒有提供可公開引用的外部證據 URL。 | GitHub 來源：https://github.com/wyf0824/hk-covered-walkways/blob/main/data/station-mall-graph.json | 使用說明：這是名稱／地址資料點，不是步行導航；GoogleMapsURL 是名稱搜尋連結，請自行核對結果。圖譜關聯或 covered 候選不代表真實、現時可走或全程有蓋路線。,https://www.google.com/maps/search/?api=1&query=%E5%8A%9B%E5%AF%B6%E4%B8%AD%E5%BF%83%20%E9%A6%99%E6%B8%AF,candidate_image_reading
東薈城,東薈城 香港,ID：building-city-gate | 類別：building | 原始狀態：candidate_image_reading | 圖譜關聯車站／建築：沒有圖譜關聯記錄。 | 證據 URL：原始記錄沒有提供可公開引用的外部證據 URL。 | GitHub 來源：https://github.com/wyf0824/hk-covered-walkways/blob/main/data/station-mall-graph.json | 使用說明：這是名稱／地址資料點，不是步行導航；GoogleMapsURL 是名稱搜尋連結，請自行核對結果。圖譜關聯或 covered 候選不代表真實、現時可走或全程有蓋路線。,https://www.google.com/maps/search/?api=1&query=%E6%9D%B1%E8%96%88%E5%9F%8E%20%E9%A6%99%E6%B8%AF,candidate_image_reading
圓方,圓方 香港,ID：building-elements | 類別：building | 原始狀態：candidate_image_reading | 圖譜關聯車站／建築：九龍（kowloon）；邊ID covered-link-062；邊狀態 candidate；端點核對 True | 證據 URL：原始記錄沒有提供可公開引用的外部證據 URL。 | GitHub 來源：https://github.com/wyf0824/hk-covered-walkways/blob/main/data/station-mall-graph.json | 使用說明：這是名稱／地址資料點，不是步行導航；GoogleMapsURL 是名稱搜尋連結，請自行核對結果。圖譜關聯或 covered 候選不代表真實、現時可走或全程有蓋路線。,https://www.google.com/maps/search/?api=1&query=%E5%9C%93%E6%96%B9%20%E9%A6%99%E6%B8%AF,candidate_image_reading
娛樂行,娛樂行 香港,ID：building-entertainment-building | 類別：building | 原始狀態：image_coordinate_reviewed | 圖譜關聯車站／建築：中環大廈（building-central-tower）；邊ID covered-link-118；邊狀態 image_confirmed；端點核對 True | 證據 URL：原始記錄沒有提供可公開引用的外部證據 URL。 | GitHub 來源：https://github.com/wyf0824/hk-covered-walkways/blob/main/data/station-mall-graph.json | 使用說明：這是名稱／地址資料點，不是步行導航；GoogleMapsURL 是名稱搜尋連結，請自行核對結果。圖譜關聯或 covered 候選不代表真實、現時可走或全程有蓋路線。,https://www.google.com/maps/search/?api=1&query=%E5%A8%9B%E6%A8%82%E8%A1%8C%20%E9%A6%99%E6%B8%AF,image_coordinate_reviewed
交易廣場,交易廣場 香港,ID：building-exchange-square | 類別：building | 原始狀態：image_coordinate_reviewed | 圖譜關聯車站／建築：中環（central）；邊ID covered-link-093；邊狀態 candidate；端點核對 True；友邦金融中心（building-aia-central）；邊ID walk-central-002；邊狀態 candidate；端點核對 True；政府總部（building-central-government-offices）；邊ID covered-link-112；邊狀態 image_confirmed；端點核對 True；環球大廈（building-global-finance-centre）；邊ID covered-link-114；邊狀態 image_confirmed；端點核對 True | 證據 URL：原始記錄沒有提供可公開引用的外部證據 URL。 | GitHub 來源：https://github.com/wyf0824/hk-covered-walkways/blob/main/data/station-mall-graph.json | 使用說明：這是名稱／地址資料點，不是步行導航；GoogleMapsURL 是名稱搜尋連結，請自行核對結果。圖譜關聯或 covered 候選不代表真實、現時可走或全程有蓋路線。,https://www.google.com/maps/search/?api=1&query=%E4%BA%A4%E6%98%93%E5%BB%A3%E5%A0%B4%20%E9%A6%99%E6%B8%AF,image_coordinate_reviewed
花園道三號,花園道三號 香港,ID：building-garden-road-3 | 類別：building | 原始狀態：image_coordinate_reviewed | 圖譜關聯車站／建築：長江集團中心（building-cheung-kong-centre）；邊ID covered-link-120；邊狀態 image_confirmed；端點核對 True；香港美利酒店（building-murray-hotel）；邊ID covered-link-121；邊狀態 image_confirmed；端點核對 True | 證據 URL：原始記錄沒有提供可公開引用的外部證據 URL。 | GitHub 來源：https://github.com/wyf0824/hk-covered-walkways/blob/main/data/station-mall-graph.json | 使用說明：這是名稱／地址資料點，不是步行導航；GoogleMapsURL 是名稱搜尋連結，請自行核對結果。圖譜關聯或 covered 候選不代表真實、現時可走或全程有蓋路線。,https://www.google.com/maps/search/?api=1&query=%E8%8A%B1%E5%9C%92%E9%81%93%E4%B8%89%E8%99%9F%20%E9%A6%99%E6%B8%AF,image_coordinate_reviewed
環球大廈,環球大廈 香港,ID：building-global-finance-centre | 類別：building | 原始狀態：image_coordinate_reviewed | 圖譜關聯車站／建築：交易廣場（building-exchange-square）；邊ID covered-link-114；邊狀態 image_confirmed；端點核對 True；置地大廈（building-landmark）；邊ID covered-link-115；邊狀態 image_confirmed；端點核對 True | 證據 URL：原始記錄沒有提供可公開引用的外部證據 URL。 | GitHub 來源：https://github.com/wyf0824/hk-covered-walkways/blob/main/data/station-mall-graph.json | 使用說明：這是名稱／地址資料點，不是步行導航；GoogleMapsURL 是名稱搜尋連結，請自行核對結果。圖譜關聯或 covered 候選不代表真實、現時可走或全程有蓋路線。,https://www.google.com/maps/search/?api=1&query=%E7%92%B0%E7%90%83%E5%A4%A7%E5%BB%88%20%E9%A6%99%E6%B8%AF,image_coordinate_reviewed
Grand Austin,Grand Austin 香港,ID：building-grand-austin | 類別：building | 原始狀態：candidate_image_reading | 圖譜關聯車站／建築：柯士甸（austin）；邊ID covered-link-061；邊狀態 candidate；端點核對 True | 證據 URL：原始記錄沒有提供可公開引用的外部證據 URL。 | GitHub 來源：https://github.com/wyf0824/hk-covered-walkways/blob/main/data/station-mall-graph.json | 使用說明：這是名稱／地址資料點，不是步行導航；GoogleMapsURL 是名稱搜尋連結，請自行核對結果。圖譜關聯或 covered 候選不代表真實、現時可走或全程有蓋路線。,https://www.google.com/maps/search/?api=1&query=Grand%20Austin%20%E9%A6%99%E6%B8%AF,candidate_image_reading
坑口購物城,坑口購物城 香港,ID：building-hang-hau-shopping | 類別：building | 原始狀態：candidate_image_reading | 圖譜關聯車站／建築：沒有圖譜關聯記錄。 | 證據 URL：原始記錄沒有提供可公開引用的外部證據 URL。 | GitHub 來源：https://github.com/wyf0824/hk-covered-walkways/blob/main/data/station-mall-graph.json | 使用說明：這是名稱／地址資料點，不是步行導航；GoogleMapsURL 是名稱搜尋連結，請自行核對結果。圖譜關聯或 covered 候選不代表真實、現時可走或全程有蓋路線。,https://www.google.com/maps/search/?api=1&query=%E5%9D%91%E5%8F%A3%E8%B3%BC%E7%89%A9%E5%9F%8E%20%E9%A6%99%E6%B8%AF,candidate_image_reading
海港城,海港城 香港,ID：building-harbour-city | 類別：building | 原始狀態：candidate_image_reading | 圖譜關聯車站／建築：尖沙咀（tsim-sha-tsui）；邊ID covered-link-067；邊狀態 candidate；端點核對 True | 證據 URL：原始記錄沒有提供可公開引用的外部證據 URL。 | GitHub 來源：https://github.com/wyf0824/hk-covered-walkways/blob/main/data/station-mall-graph.json | 使用說明：這是名稱／地址資料點，不是步行導航；GoogleMapsURL 是名稱搜尋連結，請自行核對結果。圖譜關聯或 covered 候選不代表真實、現時可走或全程有蓋路線。,https://www.google.com/maps/search/?api=1&query=%E6%B5%B7%E6%B8%AF%E5%9F%8E%20%E9%A6%99%E6%B8%AF,candidate_image_reading
香港站商場,香港站商場 香港,ID：building-hk-station-mall | 類別：building | 原始狀態：candidate_image_reading | 圖譜關聯車站／建築：上環（sheung-wan）；邊ID covered-link-096；邊狀態 candidate；端點核對 True | 證據 URL：原始記錄沒有提供可公開引用的外部證據 URL。 | GitHub 來源：https://github.com/wyf0824/hk-covered-walkways/blob/main/data/station-mall-graph.json | 使用說明：這是名稱／地址資料點，不是步行導航；GoogleMapsURL 是名稱搜尋連結，請自行核對結果。圖譜關聯或 covered 候選不代表真實、現時可走或全程有蓋路線。,https://www.google.com/maps/search/?api=1&query=%E9%A6%99%E6%B8%AF%E7%AB%99%E5%95%86%E5%A0%B4%20%E9%A6%99%E6%B8%AF,candidate_image_reading
會展,會展 香港,ID：building-hkcec | 類別：building | 原始狀態：candidate_image_reading | 圖譜關聯車站／建築：灣仔（wan-chai）；邊ID covered-link-099；邊狀態 candidate；端點核對 True | 證據 URL：原始記錄沒有提供可公開引用的外部證據 URL。 | GitHub 來源：https://github.com/wyf0824/hk-covered-walkways/blob/main/data/station-mall-graph.json | 使用說明：這是名稱／地址資料點，不是步行導航；GoogleMapsURL 是名稱搜尋連結，請自行核對結果。圖譜關聯或 covered 候選不代表真實、現時可走或全程有蓋路線。,https://www.google.com/maps/search/?api=1&query=%E6%9C%83%E5%B1%95%20%E9%A6%99%E6%B8%AF,candidate_image_reading
香港會議展覽中心,香港會議展覽中心 香港,ID：building-hong-kong-convention | 類別：building | 原始狀態：candidate_image_reading | 圖譜關聯車站／建築：灣仔（wan-chai）；邊ID covered-link-098；邊狀態 candidate；端點核對 True | 證據 URL：原始記錄沒有提供可公開引用的外部證據 URL。 | GitHub 來源：https://github.com/wyf0824/hk-covered-walkways/blob/main/data/station-mall-graph.json | 使用說明：這是名稱／地址資料點，不是步行導航；GoogleMapsURL 是名稱搜尋連結，請自行核對結果。圖譜關聯或 covered 候選不代表真實、現時可走或全程有蓋路線。,https://www.google.com/maps/search/?api=1&query=%E9%A6%99%E6%B8%AF%E6%9C%83%E8%AD%B0%E5%B1%95%E8%A6%BD%E4%B8%AD%E5%BF%83%20%E9%A6%99%E6%B8%AF,candidate_image_reading
香港大學 (The University of Hong Kong),香港大學 香港,ID：building-hong-kong-university | 類別：campus | 原始狀態：candidate_image_reading | 圖譜關聯車站／建築：香港大學（hku）；邊ID walk-hku-001；邊狀態 candidate；端點核對 True | 證據 URL：原始記錄沒有提供可公開引用的外部證據 URL。 | GitHub 來源：https://github.com/wyf0824/hk-covered-walkways/blob/main/data/station-mall-graph.json | 使用說明：這是名稱／地址資料點，不是步行導航；GoogleMapsURL 是名稱搜尋連結，請自行核對結果。圖譜關聯或 covered 候選不代表真實、現時可走或全程有蓋路線。,https://www.google.com/maps/search/?api=1&query=%E9%A6%99%E6%B8%AF%E5%A4%A7%E5%AD%B8%20%E9%A6%99%E6%B8%AF,candidate_image_reading
希慎廣場,希慎廣場 香港,ID：building-hysan-place | 類別：building | 原始狀態：candidate_image_reading | 圖譜關聯車站／建築：沒有圖譜關聯記錄。 | 證據 URL：原始記錄沒有提供可公開引用的外部證據 URL。 | GitHub 來源：https://github.com/wyf0824/hk-covered-walkways/blob/main/data/station-mall-graph.json | 使用說明：這是名稱／地址資料點，不是步行導航；GoogleMapsURL 是名稱搜尋連結，請自行核對結果。圖譜關聯或 covered 候選不代表真實、現時可走或全程有蓋路線。,https://www.google.com/maps/search/?api=1&query=%E5%B8%8C%E6%85%8E%E5%BB%A3%E5%A0%B4%20%E9%A6%99%E6%B8%AF,candidate_image_reading
IFC,IFC 香港,ID：building-ifc | 類別：building | 原始狀態：candidate_image_reading | 圖譜關聯車站／建築：中環（central）；邊ID covered-link-092；邊狀態 candidate；端點核對 True；國際金融中心一期（building-ifc-one）；邊ID covered-link-110；邊狀態 candidate；端點核對 True；國際金融中心二期（building-ifc-two）；邊ID covered-link-109；邊狀態 candidate；端點核對 True | 證據 URL：原始記錄沒有提供可公開引用的外部證據 URL。 | GitHub 來源：https://github.com/wyf0824/hk-covered-walkways/blob/main/data/station-mall-graph.json | 使用說明：這是名稱／地址資料點，不是步行導航；GoogleMapsURL 是名稱搜尋連結，請自行核對結果。圖譜關聯或 covered 候選不代表真實、現時可走或全程有蓋路線。,https://www.google.com/maps/search/?api=1&query=IFC%20%E9%A6%99%E6%B8%AF,candidate_image_reading
國際金融中心商場 (IFC Mall),國際金融中心商場 香港,ID：building-ifc-mall | 類別：mall | 原始狀態：candidate_image_reading | 圖譜關聯車站／建築：香港（hong-kong）；邊ID walk-central-001；邊狀態 candidate；端點核對 True | 證據 URL：原始記錄沒有提供可公開引用的外部證據 URL。 | GitHub 來源：https://github.com/wyf0824/hk-covered-walkways/blob/main/data/station-mall-graph.json | 使用說明：這是名稱／地址資料點，不是步行導航；GoogleMapsURL 是名稱搜尋連結，請自行核對結果。圖譜關聯或 covered 候選不代表真實、現時可走或全程有蓋路線。,https://www.google.com/maps/search/?api=1&query=%E5%9C%8B%E9%9A%9B%E9%87%91%E8%9E%8D%E4%B8%AD%E5%BF%83%E5%95%86%E5%A0%B4%20%E9%A6%99%E6%B8%AF,candidate_image_reading
國際金融中心一期,國際金融中心一期 香港,ID：building-ifc-one | 類別：building | 原始狀態：candidate_image_reading | 圖譜關聯車站／建築：IFC（building-ifc）；邊ID covered-link-110；邊狀態 candidate；端點核對 True | 證據 URL：原始記錄沒有提供可公開引用的外部證據 URL。 | GitHub 來源：https://github.com/wyf0824/hk-covered-walkways/blob/main/data/station-mall-graph.json | 使用說明：這是名稱／地址資料點，不是步行導航；GoogleMapsURL 是名稱搜尋連結，請自行核對結果。圖譜關聯或 covered 候選不代表真實、現時可走或全程有蓋路線。,https://www.google.com/maps/search/?api=1&query=%E5%9C%8B%E9%9A%9B%E9%87%91%E8%9E%8D%E4%B8%AD%E5%BF%83%E4%B8%80%E6%9C%9F%20%E9%A6%99%E6%B8%AF,candidate_image_reading
國際金融中心二期,國際金融中心二期 香港,ID：building-ifc-two | 類別：building | 原始狀態：candidate_image_reading | 圖譜關聯車站／建築：IFC（building-ifc）；邊ID covered-link-109；邊狀態 candidate；端點核對 True | 證據 URL：原始記錄沒有提供可公開引用的外部證據 URL。 | GitHub 來源：https://github.com/wyf0824/hk-covered-walkways/blob/main/data/station-mall-graph.json | 使用說明：這是名稱／地址資料點，不是步行導航；GoogleMapsURL 是名稱搜尋連結，請自行核對結果。圖譜關聯或 covered 候選不代表真實、現時可走或全程有蓋路線。,https://www.google.com/maps/search/?api=1&query=%E5%9C%8B%E9%9A%9B%E9%87%91%E8%9E%8D%E4%B8%AD%E5%BF%83%E4%BA%8C%E6%9C%9F%20%E9%A6%99%E6%B8%AF,candidate_image_reading
怡和大廈,怡和大廈 香港,ID：building-jardine-house | 類別：building | 原始狀態：image_coordinate_reviewed | 圖譜關聯車站／建築：政府總部（building-central-government-offices）；邊ID covered-link-113；邊狀態 image_confirmed；端點核對 True | 證據 URL：原始記錄沒有提供可公開引用的外部證據 URL。 | GitHub 來源：https://github.com/wyf0824/hk-covered-walkways/blob/main/data/station-mall-graph.json | 使用說明：這是名稱／地址資料點，不是步行導航；GoogleMapsURL 是名稱搜尋連結，請自行核對結果。圖譜關聯或 covered 候選不代表真實、現時可走或全程有蓋路線。,https://www.google.com/maps/search/?api=1&query=%E6%80%A1%E5%92%8C%E5%A4%A7%E5%BB%88%20%E9%A6%99%E6%B8%AF,image_coordinate_reviewed
K11 MUSEA,K11 MUSEA 香港,ID：building-k11-musea | 類別：building | 原始狀態：candidate_image_reading | 圖譜關聯車站／建築：尖東（east-tsim-sha-tsui）；邊ID covered-link-068；邊狀態 image_confirmed；端點核對 True | 證據 URL：原始記錄沒有提供可公開引用的外部證據 URL。 | GitHub 來源：https://github.com/wyf0824/hk-covered-walkways/blob/main/data/station-mall-graph.json | 使用說明：這是名稱／地址資料點，不是步行導航；GoogleMapsURL 是名稱搜尋連結，請自行核對結果。圖譜關聯或 covered 候選不代表真實、現時可走或全程有蓋路線。,https://www.google.com/maps/search/?api=1&query=K11%20MUSEA%20%E9%A6%99%E6%B8%AF,candidate_image_reading
工業貿易大樓,工業貿易大樓 香港,ID：building-kowloon-bay-office | 類別：building | 原始狀態：candidate_image_reading | 圖譜關聯車站／建築：沒有圖譜關聯記錄。 | 證據 URL：原始記錄沒有提供可公開引用的外部證據 URL。 | GitHub 來源：https://github.com/wyf0824/hk-covered-walkways/blob/main/data/station-mall-graph.json | 使用說明：這是名稱／地址資料點，不是步行導航；GoogleMapsURL 是名稱搜尋連結，請自行核對結果。圖譜關聯或 covered 候選不代表真實、現時可走或全程有蓋路線。,https://www.google.com/maps/search/?api=1&query=%E5%B7%A5%E6%A5%AD%E8%B2%BF%E6%98%93%E5%A4%A7%E6%A8%93%20%E9%A6%99%E6%B8%AF,candidate_image_reading
九龍貿易中心,九龍貿易中心 香港,ID：building-kowloon-trade-centre | 類別：building | 原始狀態：candidate_image_reading | 圖譜關聯車站／建築：九龍（kowloon）；邊ID covered-link-070；邊狀態 candidate；端點核對 True | 證據 URL：原始記錄沒有提供可公開引用的外部證據 URL。 | GitHub 來源：https://github.com/wyf0824/hk-covered-walkways/blob/main/data/station-mall-graph.json | 使用說明：這是名稱／地址資料點，不是步行導航；GoogleMapsURL 是名稱搜尋連結，請自行核對結果。圖譜關聯或 covered 候選不代表真實、現時可走或全程有蓋路線。,https://www.google.com/maps/search/?api=1&query=%E4%B9%9D%E9%BE%8D%E8%B2%BF%E6%98%93%E4%B8%AD%E5%BF%83%20%E9%A6%99%E6%B8%AF,candidate_image_reading
APM,APM 香港,ID：building-kwun-tong-apm | 類別：building | 原始狀態：candidate_image_reading | 圖譜關聯車站／建築：沒有圖譜關聯記錄。 | 證據 URL：原始記錄沒有提供可公開引用的外部證據 URL。 | GitHub 來源：https://github.com/wyf0824/hk-covered-walkways/blob/main/data/station-mall-graph.json | 使用說明：這是名稱／地址資料點，不是步行導航；GoogleMapsURL 是名稱搜尋連結，請自行核對結果。圖譜關聯或 covered 候選不代表真實、現時可走或全程有蓋路線。 | 同名重複尚未解決（可能對應 building-apm）；保留為獨立記錄，不要合併或把位置當作已核實。,https://www.google.com/maps/search/?api=1&query=APM%20%E9%A6%99%E6%B8%AF,candidate_image_reading
置地大廈,置地大廈 香港,ID：building-landmark | 類別：building | 原始狀態：image_coordinate_reviewed | 圖譜關聯車站／建築：中建大廈（building-central-building）；邊ID covered-link-116；邊狀態 image_confirmed；端點核對 True；中環（central）；邊ID covered-link-094；邊狀態 candidate；端點核對 True；環球大廈（building-global-finance-centre）；邊ID covered-link-115；邊狀態 image_confirmed；端點核對 True | 證據 URL：原始記錄沒有提供可公開引用的外部證據 URL。 | GitHub 來源：https://github.com/wyf0824/hk-covered-walkways/blob/main/data/station-mall-graph.json | 使用說明：這是名稱／地址資料點，不是步行導航；GoogleMapsURL 是名稱搜尋連結，請自行核對結果。圖譜關聯或 covered 候選不代表真實、現時可走或全程有蓋路線。,https://www.google.com/maps/search/?api=1&query=%E7%BD%AE%E5%9C%B0%E5%A4%A7%E5%BB%88%20%E9%A6%99%E6%B8%AF,image_coordinate_reviewed
朗豪坊,"8 Argyle Street, Mongkok, Kowloon, Hong Kong",ID：building-langham-place | 類別：building | 原始狀態：candidate_image_reading | 圖譜關聯車站／建築：旺角（mong-kok）；邊ID covered-link-065；邊狀態 candidate；端點核對 True | 證據 URL：https://www.langhamplace.com.hk/visit-us/contact-us | GitHub 來源：https://github.com/wyf0824/hk-covered-walkways/blob/main/data/station-mall-graph.json | 使用說明：這是名稱／地址資料點，不是步行導航；GoogleMapsURL 是名稱搜尋連結，請自行核對結果。圖譜關聯或 covered 候選不代表真實、現時可走或全程有蓋路線。,https://www.google.com/maps/search/?api=1&query=%E6%9C%97%E8%B1%AA%E5%9D%8A%20%E9%A6%99%E6%B8%AF,candidate_image_reading
立法會,立法會 香港,ID：building-legco | 類別：building | 原始狀態：candidate_image_reading | 圖譜關聯車站／建築：金鐘（admiralty）；邊ID covered-link-104；邊狀態 candidate；端點核對 True | 證據 URL：原始記錄沒有提供可公開引用的外部證據 URL。 | GitHub 來源：https://github.com/wyf0824/hk-covered-walkways/blob/main/data/station-mall-graph.json | 使用說明：這是名稱／地址資料點，不是步行導航；GoogleMapsURL 是名稱搜尋連結，請自行核對結果。圖譜關聯或 covered 候選不代表真實、現時可走或全程有蓋路線。,https://www.google.com/maps/search/?api=1&query=%E7%AB%8B%E6%B3%95%E6%9C%83%20%E9%A6%99%E6%B8%AF,candidate_image_reading
THE LOHAS,THE LOHAS 香港,ID：building-lohas-mall | 類別：building | 原始狀態：candidate_image_reading | 圖譜關聯車站／建築：康城（lohas-park）；邊ID covered-link-171；邊狀態 official_access_only；端點核對 True | 證據 URL：https://thelohasmall.com/en | GitHub 來源：https://github.com/wyf0824/hk-covered-walkways/blob/main/data/station-mall-graph.json | 使用說明：這是名稱／地址資料點，不是步行導航；GoogleMapsURL 是名稱搜尋連結，請自行核對結果。圖譜關聯或 covered 候選不代表真實、現時可走或全程有蓋路線。,https://www.google.com/maps/search/?api=1&query=THE%20LOHAS%20%E9%A6%99%E6%B8%AF,candidate_image_reading
MIKIKI,MIKIKI 香港,ID：building-mikiki | 類別：building | 原始狀態：candidate_image_reading | 圖譜關聯車站／建築：沒有圖譜關聯記錄。 | 證據 URL：原始記錄沒有提供可公開引用的外部證據 URL。 | GitHub 來源：https://github.com/wyf0824/hk-covered-walkways/blob/main/data/station-mall-graph.json | 使用說明：這是名稱／地址資料點，不是步行導航；GoogleMapsURL 是名稱搜尋連結，請自行核對結果。圖譜關聯或 covered 候選不代表真實、現時可走或全程有蓋路線。,https://www.google.com/maps/search/?api=1&query=MIKIKI%20%E9%A6%99%E6%B8%AF,candidate_image_reading
MOKO,"193 Prince Edward Road West, Mongkok, Kowloon, Hong Kong",ID：building-moko | 類別：building | 原始狀態：candidate_image_reading | 圖譜關聯車站／建築：旺角東（mong-kok-east）；邊ID covered-link-064；邊狀態 image_confirmed；端點核對 True；旺角（mong-kok）；邊ID covered-link-066；邊狀態 candidate；端點核對 True | 證據 URL：https://www.moko.com.hk/en/about-moko/to-moko/ | GitHub 來源：https://github.com/wyf0824/hk-covered-walkways/blob/main/data/station-mall-graph.json | 使用說明：這是名稱／地址資料點，不是步行導航；GoogleMapsURL 是名稱搜尋連結，請自行核對結果。圖譜關聯或 covered 候選不代表真實、現時可走或全程有蓋路線。 | 官方核查摘要（只限該筆）：MOKO 新世紀廣場 · 旺角東站 D 出口。MOKO 官方資料稱商場位於旺角東站上方；原始示意圖把兩者間的直接細線標作「有蓋通道」。此線為示意圖分類，未經實地路線／現況核實。 | 更多核查：https://github.com/wyf0824/hk-covered-walkways/blob/main/data/official-checks.json,https://www.google.com/maps/search/?api=1&query=MOKO%20%E9%A6%99%E6%B8%AF,candidate_image_reading
香港美利酒店,香港美利酒店 香港,ID：building-murray-hotel | 類別：building | 原始狀態：image_coordinate_reviewed | 圖譜關聯車站／建築：花園道三號（building-garden-road-3）；邊ID covered-link-121；邊狀態 image_confirmed；端點核對 True | 證據 URL：原始記錄沒有提供可公開引用的外部證據 URL。 | GitHub 來源：https://github.com/wyf0824/hk-covered-walkways/blob/main/data/station-mall-graph.json | 使用說明：這是名稱／地址資料點，不是步行導航；GoogleMapsURL 是名稱搜尋連結，請自行核對結果。圖譜關聯或 covered 候選不代表真實、現時可走或全程有蓋路線。,https://www.google.com/maps/search/?api=1&query=%E9%A6%99%E6%B8%AF%E7%BE%8E%E5%88%A9%E9%85%92%E5%BA%97%20%E9%A6%99%E6%B8%AF,image_coordinate_reviewed
新城市廣場,新城市廣場 香港,ID：building-new-town-plaza | 類別：building | 原始狀態：candidate_image_reading | 圖譜關聯車站／建築：新城市廣場三期（building-new-town-plaza-phase-3）；邊ID covered-link-155；邊狀態 candidate；端點核對 True；沙田廣場（building-sha-tin-plaza）；邊ID covered-link-156；邊狀態 candidate；端點核對 True；沙田（sha-tin）；邊ID covered-link-036；邊狀態 candidate；端點核對 True；連城廣場（building-sha-tin-citylink-plaza）；邊ID covered-link-154；邊狀態 candidate；端點核對 True | 證據 URL：原始記錄沒有提供可公開引用的外部證據 URL。 | GitHub 來源：https://github.com/wyf0824/hk-covered-walkways/blob/main/data/station-mall-graph.json | 使用說明：這是名稱／地址資料點，不是步行導航；GoogleMapsURL 是名稱搜尋連結，請自行核對結果。圖譜關聯或 covered 候選不代表真實、現時可走或全程有蓋路線。,https://www.google.com/maps/search/?api=1&query=%E6%96%B0%E5%9F%8E%E5%B8%82%E5%BB%A3%E5%A0%B4%20%E9%A6%99%E6%B8%AF,candidate_image_reading
新都城中心,新都城中心 香港,ID：building-new-town-plaza-2 | 類別：building | 原始狀態：candidate_image_reading | 圖譜關聯車站／建築：沒有圖譜關聯記錄。 | 證據 URL：原始記錄沒有提供可公開引用的外部證據 URL。 | GitHub 來源：https://github.com/wyf0824/hk-covered-walkways/blob/main/data/station-mall-graph.json | 使用說明：這是名稱／地址資料點，不是步行導航；GoogleMapsURL 是名稱搜尋連結，請自行核對結果。圖譜關聯或 covered 候選不代表真實、現時可走或全程有蓋路線。,https://www.google.com/maps/search/?api=1&query=%E6%96%B0%E9%83%BD%E5%9F%8E%E4%B8%AD%E5%BF%83%20%E9%A6%99%E6%B8%AF,candidate_image_reading
太古廣場,太古廣場 香港,ID：building-pacific-place | 類別：building | 原始狀態：candidate_image_reading | 圖譜關聯車站／建築：金鐘（admiralty）；邊ID covered-link-097；邊狀態 candidate；端點核對 True | 證據 URL：原始記錄沒有提供可公開引用的外部證據 URL。 | GitHub 來源：https://github.com/wyf0824/hk-covered-walkways/blob/main/data/station-mall-graph.json | 使用說明：這是名稱／地址資料點，不是步行導航；GoogleMapsURL 是名稱搜尋連結，請自行核對結果。圖譜關聯或 covered 候選不代表真實、現時可走或全程有蓋路線。,https://www.google.com/maps/search/?api=1&query=%E5%A4%AA%E5%8F%A4%E5%BB%A3%E5%A0%B4%20%E9%A6%99%E6%B8%AF,candidate_image_reading
PopCorn,PopCorn 香港,ID：building-popcorn | 類別：building | 原始狀態：candidate_image_reading | 圖譜關聯車站／建築：PopCorn 二期（building-popcorn-ii）；邊ID covered-link-161；邊狀態 candidate；端點核對 True；天晉二期（building-the-wings-ii）；邊ID covered-link-165；邊狀態 candidate；端點核對 True；天晉（building-the-wings）；邊ID covered-link-166；邊狀態 candidate；端點核對 True；將軍澳廣場（building-tseung-kwan-o-plaza）；邊ID covered-link-167；邊狀態 candidate；端點核對 True；將軍澳（tseung-kwan-o）；邊ID covered-link-158；邊狀態 candidate；端點核對 True；尚德停車場（building-sheung-tak-car-park）；邊ID covered-link-163；邊狀態 candidate；端點核對 True | 證據 URL：原始記錄沒有提供可公開引用的外部證據 URL。 | GitHub 來源：https://github.com/wyf0824/hk-covered-walkways/blob/main/data/station-mall-graph.json | 使用說明：這是名稱／地址資料點，不是步行導航；GoogleMapsURL 是名稱搜尋連結，請自行核對結果。圖譜關聯或 covered 候選不代表真實、現時可走或全程有蓋路線。,https://www.google.com/maps/search/?api=1&query=PopCorn%20%E9%A6%99%E6%B8%AF,candidate_image_reading
太子大廈,太子大廈 香港,ID：building-prince-building | 類別：building | 原始狀態：candidate_image_reading | 圖譜關聯車站／建築：中環（central）；邊ID covered-link-107；邊狀態 candidate；端點核對 True；香港文華東方酒店（building-mandarin-oriental-hong-kong）；邊ID walk-central-003；邊狀態 candidate；端點核對 True | 證據 URL：原始記錄沒有提供可公開引用的外部證據 URL。 | GitHub 來源：https://github.com/wyf0824/hk-covered-walkways/blob/main/data/station-mall-graph.json | 使用說明：這是名稱／地址資料點，不是步行導航；GoogleMapsURL 是名稱搜尋連結，請自行核對結果。圖譜關聯或 covered 候選不代表真實、現時可走或全程有蓋路線。,https://www.google.com/maps/search/?api=1&query=%E5%A4%AA%E5%AD%90%E5%A4%A7%E5%BB%88%20%E9%A6%99%E6%B8%AF,candidate_image_reading
沙田公共圖書館,沙田公共圖書館 香港,ID：building-sha-tin-public-library | 類別：building | 原始狀態：candidate_image_reading | 圖譜關聯車站／建築：沙田（sha-tin）；邊ID covered-link-038；邊狀態 candidate；端點核對 True | 證據 URL：原始記錄沒有提供可公開引用的外部證據 URL。 | GitHub 來源：https://github.com/wyf0824/hk-covered-walkways/blob/main/data/station-mall-graph.json | 使用說明：這是名稱／地址資料點，不是步行導航；GoogleMapsURL 是名稱搜尋連結，請自行核對結果。圖譜關聯或 covered 候選不代表真實、現時可走或全程有蓋路線。,https://www.google.com/maps/search/?api=1&query=%E6%B2%99%E7%94%B0%E5%85%AC%E5%85%B1%E5%9C%96%E6%9B%B8%E9%A4%A8%20%E9%A6%99%E6%B8%AF,candidate_image_reading
沙田馬場,沙田馬場 香港,ID：building-sha-tin-racecourse | 類別：building | 原始狀態：candidate_image_reading | 圖譜關聯車站／建築：沙田（sha-tin）；邊ID covered-link-037；邊狀態 candidate；端點核對 True | 證據 URL：原始記錄沒有提供可公開引用的外部證據 URL。 | GitHub 來源：https://github.com/wyf0824/hk-covered-walkways/blob/main/data/station-mall-graph.json | 使用說明：這是名稱／地址資料點，不是步行導航；GoogleMapsURL 是名稱搜尋連結，請自行核對結果。圖譜關聯或 covered 候選不代表真實、現時可走或全程有蓋路線。,https://www.google.com/maps/search/?api=1&query=%E6%B2%99%E7%94%B0%E9%A6%AC%E5%A0%B4%20%E9%A6%99%E6%B8%AF,candidate_image_reading
沙田大會堂,沙田大會堂 香港,ID：building-sha-tin-town-hall | 類別：building | 原始狀態：candidate_image_reading | 圖譜關聯車站／建築：沙田（sha-tin）；邊ID covered-link-035；邊狀態 candidate；端點核對 True | 證據 URL：原始記錄沒有提供可公開引用的外部證據 URL。 | GitHub 來源：https://github.com/wyf0824/hk-covered-walkways/blob/main/data/station-mall-graph.json | 使用說明：這是名稱／地址資料點，不是步行導航；GoogleMapsURL 是名稱搜尋連結，請自行核對結果。圖譜關聯或 covered 候選不代表真實、現時可走或全程有蓋路線。,https://www.google.com/maps/search/?api=1&query=%E6%B2%99%E7%94%B0%E5%A4%A7%E6%9C%83%E5%A0%82%20%E9%A6%99%E6%B8%AF,candidate_image_reading
太古坊,太古坊 香港,ID：building-taikoo-place | 類別：building | 原始狀態：candidate_image_reading | 圖譜關聯車站／建築：鰂魚涌（quarry-bay）；邊ID covered-link-101；邊狀態 candidate；端點核對 True | 證據 URL：原始記錄沒有提供可公開引用的外部證據 URL。 | GitHub 來源：https://github.com/wyf0824/hk-covered-walkways/blob/main/data/station-mall-graph.json | 使用說明：這是名稱／地址資料點，不是步行導航；GoogleMapsURL 是名稱搜尋連結，請自行核對結果。圖譜關聯或 covered 候選不代表真實、現時可走或全程有蓋路線。,https://www.google.com/maps/search/?api=1&query=%E5%A4%AA%E5%8F%A4%E5%9D%8A%20%E9%A6%99%E6%B8%AF,candidate_image_reading
德福花園,德福花園 香港,ID：building-telford-gardens | 類別：building | 原始狀態：candidate_image_reading | 圖譜關聯車站／建築：沒有圖譜關聯記錄。 | 證據 URL：原始記錄沒有提供可公開引用的外部證據 URL。 | GitHub 來源：https://github.com/wyf0824/hk-covered-walkways/blob/main/data/station-mall-graph.json | 使用說明：這是名稱／地址資料點，不是步行導航；GoogleMapsURL 是名稱搜尋連結，請自行核對結果。圖譜關聯或 covered 候選不代表真實、現時可走或全程有蓋路線。,https://www.google.com/maps/search/?api=1&query=%E5%BE%B7%E7%A6%8F%E8%8A%B1%E5%9C%92%20%E9%A6%99%E6%B8%AF,candidate_image_reading
The Austin,The Austin 香港,ID：building-the-austin | 類別：building | 原始狀態：candidate_image_reading | 圖譜關聯車站／建築：柯士甸（austin）；邊ID covered-link-060；邊狀態 candidate；端點核對 True | 證據 URL：原始記錄沒有提供可公開引用的外部證據 URL。 | GitHub 來源：https://github.com/wyf0824/hk-covered-walkways/blob/main/data/station-mall-graph.json | 使用說明：這是名稱／地址資料點，不是步行導航；GoogleMapsURL 是名稱搜尋連結，請自行核對結果。圖譜關聯或 covered 候選不代表真實、現時可走或全程有蓋路線。,https://www.google.com/maps/search/?api=1&query=The%20Austin%20%E9%A6%99%E6%B8%AF,candidate_image_reading
The Henderson,The Henderson 香港,ID：building-the-henderson | 類別：building | 原始狀態：image_coordinate_reviewed | 圖譜關聯車站／建築：中環（central）；邊ID covered-link-100；邊狀態 candidate；端點核對 True；遮打花園（building-chater-garden）；邊ID walk-central-006；邊狀態 candidate；端點核對 True；長江集團中心（building-cheung-kong-centre）；邊ID covered-link-119；邊狀態 image_confirmed；端點核對 True | 證據 URL：原始記錄沒有提供可公開引用的外部證據 URL。 | GitHub 來源：https://github.com/wyf0824/hk-covered-walkways/blob/main/data/station-mall-graph.json | 使用說明：這是名稱／地址資料點，不是步行導航；GoogleMapsURL 是名稱搜尋連結，請自行核對結果。圖譜關聯或 covered 候選不代表真實、現時可走或全程有蓋路線。,https://www.google.com/maps/search/?api=1&query=The%20Henderson%20%E9%A6%99%E6%B8%AF,image_coordinate_reviewed
置地廣場,置地廣場 香港,ID：building-the-landmark | 類別：building | 原始狀態：candidate_image_reading | 圖譜關聯車站／建築：沒有圖譜關聯記錄。 | 證據 URL：原始記錄沒有提供可公開引用的外部證據 URL。 | GitHub 來源：https://github.com/wyf0824/hk-covered-walkways/blob/main/data/station-mall-graph.json | 使用說明：這是名稱／地址資料點，不是步行導航；GoogleMapsURL 是名稱搜尋連結，請自行核對結果。圖譜關聯或 covered 候選不代表真實、現時可走或全程有蓋路線。,https://www.google.com/maps/search/?api=1&query=%E7%BD%AE%E5%9C%B0%E5%BB%A3%E5%A0%B4%20%E9%A6%99%E6%B8%AF,candidate_image_reading
The Southside,The Southside 香港,ID：building-the-southside | 類別：building | 原始狀態：candidate_image_reading | 圖譜關聯車站／建築：黃竹坑（wong-chuk-hang）；邊ID covered-link-102；邊狀態 candidate；端點核對 True | 證據 URL：原始記錄沒有提供可公開引用的外部證據 URL。 | GitHub 來源：https://github.com/wyf0824/hk-covered-walkways/blob/main/data/station-mall-graph.json | 使用說明：這是名稱／地址資料點，不是步行導航；GoogleMapsURL 是名稱搜尋連結，請自行核對結果。圖譜關聯或 covered 候選不代表真實、現時可走或全程有蓋路線。,https://www.google.com/maps/search/?api=1&query=The%20Southside%20%E9%A6%99%E6%B8%AF,candidate_image_reading
天水圍公園,天水圍公園 香港,ID：building-tin-shui-wai-park | 類別：building | 原始狀態：candidate_image_reading | 圖譜關聯車站／建築：沒有圖譜關聯記錄。 | 證據 URL：原始記錄沒有提供可公開引用的外部證據 URL。 | GitHub 來源：https://github.com/wyf0824/hk-covered-walkways/blob/main/data/station-mall-graph.json | 使用說明：這是名稱／地址資料點，不是步行導航；GoogleMapsURL 是名稱搜尋連結，請自行核對結果。圖譜關聯或 covered 候選不代表真實、現時可走或全程有蓋路線。,https://www.google.com/maps/search/?api=1&query=%E5%A4%A9%E6%B0%B4%E5%9C%8D%E5%85%AC%E5%9C%92%20%E9%A6%99%E6%B8%AF,candidate_image_reading
TKO GATEWAY,TKO GATEWAY 香港,ID：building-tko-gateway | 類別：building | 原始狀態：candidate_image_reading | 圖譜關聯車站／建築：東港城（building-east-point-city）；邊ID covered-link-184；邊狀態 candidate；端點核對 True | 證據 URL：原始記錄沒有提供可公開引用的外部證據 URL。 | GitHub 來源：https://github.com/wyf0824/hk-covered-walkways/blob/main/data/station-mall-graph.json | 使用說明：這是名稱／地址資料點，不是步行導航；GoogleMapsURL 是名稱搜尋連結，請自行核對結果。圖譜關聯或 covered 候選不代表真實、現時可走或全程有蓋路線。,https://www.google.com/maps/search/?api=1&query=TKO%20GATEWAY%20%E9%A6%99%E6%B8%AF,candidate_image_reading
T.O.P,"700 Nathan Road, Mong Kok, Kowloon, Hong Kong",ID：building-top | 類別：building | 原始狀態：candidate_image_reading | 圖譜關聯車站／建築：旺角東（mong-kok-east）；邊ID walk-mongkok-east-top；邊狀態 candidate；端點核對 True；旺角（mong-kok）；邊ID official-access-mong-kok-top；邊狀態 official_access_only；端點核對 True | 證據 URL：https://www.top.com.hk/appIntro/en/ | GitHub 來源：https://github.com/wyf0824/hk-covered-walkways/blob/main/data/station-mall-graph.json | 使用說明：這是名稱／地址資料點，不是步行導航；GoogleMapsURL 是名稱搜尋連結，請自行核對結果。圖譜關聯或 covered 候選不代表真實、現時可走或全程有蓋路線。,https://www.google.com/maps/search/?api=1&query=T.O.P%20%E9%A6%99%E6%B8%AF,candidate_image_reading
將軍澳中心,將軍澳中心 香港,ID：building-tseung-kwan-o-centre | 類別：building | 原始狀態：candidate_image_reading | 圖譜關聯車站／建築：將軍澳（tseung-kwan-o）；邊ID covered-link-160；邊狀態 candidate；端點核對 True | 證據 URL：https://park-central.com.hk/tc-location/ | GitHub 來源：https://github.com/wyf0824/hk-covered-walkways/blob/main/data/station-mall-graph.json | 使用說明：這是名稱／地址資料點，不是步行導航；GoogleMapsURL 是名稱搜尋連結，請自行核對結果。圖譜關聯或 covered 候選不代表真實、現時可走或全程有蓋路線。,https://www.google.com/maps/search/?api=1&query=%E5%B0%87%E8%BB%8D%E6%BE%B3%E4%B8%AD%E5%BF%83%20%E9%A6%99%E6%B8%AF,candidate_image_reading
屯門政府合署,屯門政府合署 香港,ID：building-tuen-mun-government-offices | 類別：building | 原始狀態：candidate_image_reading | 圖譜關聯車站／建築：屯門市中心（lrt-tuen-mun-town）；邊ID covered-link-033；邊狀態 candidate；端點核對 False | 證據 URL：原始記錄沒有提供可公開引用的外部證據 URL。 | GitHub 來源：https://github.com/wyf0824/hk-covered-walkways/blob/main/data/station-mall-graph.json | 使用說明：這是名稱／地址資料點，不是步行導航；GoogleMapsURL 是名稱搜尋連結，請自行核對結果。圖譜關聯或 covered 候選不代表真實、現時可走或全程有蓋路線。,https://www.google.com/maps/search/?api=1&query=%E5%B1%AF%E9%96%80%E6%94%BF%E5%BA%9C%E5%90%88%E7%BD%B2%20%E9%A6%99%E6%B8%AF,candidate_image_reading
屯門醫院,屯門醫院 香港,ID：building-tuen-mun-hospital | 類別：building | 原始狀態：candidate_image_reading | 圖譜關聯車站／建築：沒有圖譜關聯記錄。 | 證據 URL：原始記錄沒有提供可公開引用的外部證據 URL。 | GitHub 來源：https://github.com/wyf0824/hk-covered-walkways/blob/main/data/station-mall-graph.json | 使用說明：這是名稱／地址資料點，不是步行導航；GoogleMapsURL 是名稱搜尋連結，請自行核對結果。圖譜關聯或 covered 候選不代表真實、現時可走或全程有蓋路線。,https://www.google.com/maps/search/?api=1&query=%E5%B1%AF%E9%96%80%E9%86%AB%E9%99%A2%20%E9%A6%99%E6%B8%AF,candidate_image_reading
屯門市場,屯門市場 香港,ID：building-tuen-mun-market | 類別：building | 原始狀態：candidate_image_reading | 圖譜關聯車站／建築：沒有圖譜關聯記錄。 | 證據 URL：原始記錄沒有提供可公開引用的外部證據 URL。 | GitHub 來源：https://github.com/wyf0824/hk-covered-walkways/blob/main/data/station-mall-graph.json | 使用說明：這是名稱／地址資料點，不是步行導航；GoogleMapsURL 是名稱搜尋連結，請自行核對結果。圖譜關聯或 covered 候選不代表真實、現時可走或全程有蓋路線。,https://www.google.com/maps/search/?api=1&query=%E5%B1%AF%E9%96%80%E5%B8%82%E5%A0%B4%20%E9%A6%99%E6%B8%AF,candidate_image_reading
屯門公園,屯門公園 香港,ID：building-tuen-mun-park | 類別：building | 原始狀態：candidate_image_reading | 圖譜關聯車站／建築：屯門市中心（lrt-tuen-mun-town）；邊ID covered-link-034；邊狀態 candidate；端點核對 False | 證據 URL：原始記錄沒有提供可公開引用的外部證據 URL。 | GitHub 來源：https://github.com/wyf0824/hk-covered-walkways/blob/main/data/station-mall-graph.json | 使用說明：這是名稱／地址資料點，不是步行導航；GoogleMapsURL 是名稱搜尋連結，請自行核對結果。圖譜關聯或 covered 候選不代表真實、現時可走或全程有蓋路線。,https://www.google.com/maps/search/?api=1&query=%E5%B1%AF%E9%96%80%E5%85%AC%E5%9C%92%20%E9%A6%99%E6%B8%AF,candidate_image_reading
屯門公共圖書館,屯門公共圖書館 香港,ID：building-tuen-mun-public-library | 類別：building | 原始狀態：candidate_image_reading | 圖譜關聯車站／建築：屯門市中心（lrt-tuen-mun-town）；邊ID covered-link-032；邊狀態 candidate；端點核對 False | 證據 URL：原始記錄沒有提供可公開引用的外部證據 URL。 | GitHub 來源：https://github.com/wyf0824/hk-covered-walkways/blob/main/data/station-mall-graph.json | 使用說明：這是名稱／地址資料點，不是步行導航；GoogleMapsURL 是名稱搜尋連結，請自行核對結果。圖譜關聯或 covered 候選不代表真實、現時可走或全程有蓋路線。,https://www.google.com/maps/search/?api=1&query=%E5%B1%AF%E9%96%80%E5%85%AC%E5%85%B1%E5%9C%96%E6%9B%B8%E9%A4%A8%20%E9%A6%99%E6%B8%AF,candidate_image_reading
屯門大會堂,屯門大會堂 香港,ID：building-tuen-mun-town-hall | 類別：building | 原始狀態：candidate_image_reading | 圖譜關聯車站／建築：屯門市中心（lrt-tuen-mun-town）；邊ID covered-link-031；邊狀態 candidate；端點核對 False | 證據 URL：原始記錄沒有提供可公開引用的外部證據 URL。 | GitHub 來源：https://github.com/wyf0824/hk-covered-walkways/blob/main/data/station-mall-graph.json | 使用說明：這是名稱／地址資料點，不是步行導航；GoogleMapsURL 是名稱搜尋連結，請自行核對結果。圖譜關聯或 covered 候選不代表真實、現時可走或全程有蓋路線。,https://www.google.com/maps/search/?api=1&query=%E5%B1%AF%E9%96%80%E5%A4%A7%E6%9C%83%E5%A0%82%20%E9%A6%99%E6%B8%AF,candidate_image_reading
VWalk,VWalk 香港,ID：building-v-walk | 類別：building | 原始狀態：candidate_image_reading | 圖譜關聯車站／建築：南昌（nam-cheong）；邊ID covered-link-063；邊狀態 candidate；端點核對 True | 證據 URL：原始記錄沒有提供可公開引用的外部證據 URL。 | GitHub 來源：https://github.com/wyf0824/hk-covered-walkways/blob/main/data/station-mall-graph.json | 使用說明：這是名稱／地址資料點，不是步行導航；GoogleMapsURL 是名稱搜尋連結，請自行核對結果。圖譜關聯或 covered 候選不代表真實、現時可走或全程有蓋路線。,https://www.google.com/maps/search/?api=1&query=VWalk%20%E9%A6%99%E6%B8%AF,candidate_image_reading
西九文化區,西九文化區 香港,ID：building-west-kowloon-cultural-district | 類別：building | 原始狀態：candidate_image_reading | 圖譜關聯車站／建築：柯士甸（austin）；邊ID covered-link-069；邊狀態 candidate；端點核對 True | 證據 URL：原始記錄沒有提供可公開引用的外部證據 URL。 | GitHub 來源：https://github.com/wyf0824/hk-covered-walkways/blob/main/data/station-mall-graph.json | 使用說明：這是名稱／地址資料點，不是步行導航；GoogleMapsURL 是名稱搜尋連結，請自行核對結果。圖譜關聯或 covered 候選不代表真實、現時可走或全程有蓋路線。,https://www.google.com/maps/search/?api=1&query=%E8%A5%BF%E4%B9%9D%E6%96%87%E5%8C%96%E5%8D%80%20%E9%A6%99%E6%B8%AF,candidate_image_reading
旺角中心,旺角中心 香港,ID：building-旺角中心 | 類別：building | 原始狀態：candidate_image_reading | 圖譜關聯車站／建築：沒有圖譜關聯記錄。 | 證據 URL：原始記錄沒有提供可公開引用的外部證據 URL。 | GitHub 來源：https://github.com/wyf0824/hk-covered-walkways/blob/main/data/station-mall-graph.json | 使用說明：這是名稱／地址資料點，不是步行導航；GoogleMapsURL 是名稱搜尋連結，請自行核對結果。圖譜關聯或 covered 候選不代表真實、現時可走或全程有蓋路線。,https://www.google.com/maps/search/?api=1&query=%E6%97%BA%E8%A7%92%E4%B8%AD%E5%BF%83%20%E9%A6%99%E6%B8%AF,candidate_image_reading
國際廣場 (iSQUARE),國際廣場 香港,ID：building-isquare | 類別：building | 原始狀態：image_confirmed | 圖譜關聯車站／建築：尖沙咀（tsim-sha-tsui）；邊ID covered-link-122；邊狀態 image_confirmed；端點核對 True | 證據 URL：原始記錄沒有提供可公開引用的外部證據 URL。 | GitHub 來源：https://github.com/wyf0824/hk-covered-walkways/blob/main/data/station-mall-graph.json | 使用說明：這是名稱／地址資料點，不是步行導航；GoogleMapsURL 是名稱搜尋連結，請自行核對結果。圖譜關聯或 covered 候選不代表真實、現時可走或全程有蓋路線。,https://www.google.com/maps/search/?api=1&query=%E5%9C%8B%E9%9A%9B%E5%BB%A3%E5%A0%B4%20%E9%A6%99%E6%B8%AF,image_confirmed
城市花園 (City Garden),城市花園 香港,ID：building-city-garden | 類別：building | 原始狀態：candidate_image_reading | 圖譜關聯車站／建築：北角（north-point）；邊ID covered-link-151；邊狀態 candidate；端點核對 True | 證據 URL：原始記錄沒有提供可公開引用的外部證據 URL。 | GitHub 來源：https://github.com/wyf0824/hk-covered-walkways/blob/main/data/station-mall-graph.json | 使用說明：這是名稱／地址資料點，不是步行導航；GoogleMapsURL 是名稱搜尋連結，請自行核對結果。圖譜關聯或 covered 候選不代表真實、現時可走或全程有蓋路線。,https://www.google.com/maps/search/?api=1&query=%E5%9F%8E%E5%B8%82%E8%8A%B1%E5%9C%92%20%E9%A6%99%E6%B8%AF,candidate_image_reading
柴灣中心 (Chai Wan Centre),柴灣中心 香港,ID：building-chai-wan-centre | 類別：building | 原始狀態：candidate_image_reading | 圖譜關聯車站／建築：北角（north-point）；邊ID covered-link-152；邊狀態 candidate；端點核對 True | 證據 URL：原始記錄沒有提供可公開引用的外部證據 URL。 | GitHub 來源：https://github.com/wyf0824/hk-covered-walkways/blob/main/data/station-mall-graph.json | 使用說明：這是名稱／地址資料點，不是步行導航；GoogleMapsURL 是名稱搜尋連結，請自行核對結果。圖譜關聯或 covered 候選不代表真實、現時可走或全程有蓋路線。,https://www.google.com/maps/search/?api=1&query=%E6%9F%B4%E7%81%A3%E4%B8%AD%E5%BF%83%20%E9%A6%99%E6%B8%AF,candidate_image_reading
連城廣場 (Citylink Plaza),連城廣場 香港,ID：building-sha-tin-citylink-plaza | 類別：building | 原始狀態：candidate_image_reading | 圖譜關聯車站／建築：新城市廣場（building-new-town-plaza）；邊ID covered-link-154；邊狀態 candidate；端點核對 True；沙田（sha-tin）；邊ID covered-link-153；邊狀態 candidate；端點核對 True | 證據 URL：原始記錄沒有提供可公開引用的外部證據 URL。 | GitHub 來源：https://github.com/wyf0824/hk-covered-walkways/blob/main/data/station-mall-graph.json | 使用說明：這是名稱／地址資料點，不是步行導航；GoogleMapsURL 是名稱搜尋連結，請自行核對結果。圖譜關聯或 covered 候選不代表真實、現時可走或全程有蓋路線。,https://www.google.com/maps/search/?api=1&query=%E9%80%A3%E5%9F%8E%E5%BB%A3%E5%A0%B4%20%E9%A6%99%E6%B8%AF,candidate_image_reading
沙田廣場 (Sha Tin Plaza),沙田廣場 香港,ID：building-sha-tin-plaza | 類別：building | 原始狀態：candidate_image_reading | 圖譜關聯車站／建築：新城市廣場（building-new-town-plaza）；邊ID covered-link-156；邊狀態 candidate；端點核對 True | 證據 URL：原始記錄沒有提供可公開引用的外部證據 URL。 | GitHub 來源：https://github.com/wyf0824/hk-covered-walkways/blob/main/data/station-mall-graph.json | 使用說明：這是名稱／地址資料點，不是步行導航；GoogleMapsURL 是名稱搜尋連結，請自行核對結果。圖譜關聯或 covered 候選不代表真實、現時可走或全程有蓋路線。,https://www.google.com/maps/search/?api=1&query=%E6%B2%99%E7%94%B0%E5%BB%A3%E5%A0%B4%20%E9%A6%99%E6%B8%AF,candidate_image_reading
沙田中心 (Sha Tin Centre),沙田中心 香港,ID：building-sha-tin-centre | 類別：building | 原始狀態：candidate_image_reading | 圖譜關聯車站／建築：沒有圖譜關聯記錄。 | 證據 URL：原始記錄沒有提供可公開引用的外部證據 URL。 | GitHub 來源：https://github.com/wyf0824/hk-covered-walkways/blob/main/data/station-mall-graph.json | 使用說明：這是名稱／地址資料點，不是步行導航；GoogleMapsURL 是名稱搜尋連結，請自行核對結果。圖譜關聯或 covered 候選不代表真實、現時可走或全程有蓋路線。,https://www.google.com/maps/search/?api=1&query=%E6%B2%99%E7%94%B0%E4%B8%AD%E5%BF%83%20%E9%A6%99%E6%B8%AF,candidate_image_reading
好運中心 (Lucky Plaza),好運中心 香港,ID：building-lucky-plaza | 類別：building | 原始狀態：candidate_image_reading | 圖譜關聯車站／建築：沒有圖譜關聯記錄。 | 證據 URL：原始記錄沒有提供可公開引用的外部證據 URL。 | GitHub 來源：https://github.com/wyf0824/hk-covered-walkways/blob/main/data/station-mall-graph.json | 使用說明：這是名稱／地址資料點，不是步行導航；GoogleMapsURL 是名稱搜尋連結，請自行核對結果。圖譜關聯或 covered 候選不代表真實、現時可走或全程有蓋路線。,https://www.google.com/maps/search/?api=1&query=%E5%A5%BD%E9%81%8B%E4%B8%AD%E5%BF%83%20%E9%A6%99%E6%B8%AF,candidate_image_reading
希爾頓中心 (Hilton Plaza),希爾頓中心 香港,ID：building-hilton-plaza | 類別：building | 原始狀態：candidate_image_reading | 圖譜關聯車站／建築：新城市廣場三期（building-new-town-plaza-phase-3）；邊ID covered-link-157；邊狀態 candidate；端點核對 True | 證據 URL：原始記錄沒有提供可公開引用的外部證據 URL。 | GitHub 來源：https://github.com/wyf0824/hk-covered-walkways/blob/main/data/station-mall-graph.json | 使用說明：這是名稱／地址資料點，不是步行導航；GoogleMapsURL 是名稱搜尋連結，請自行核對結果。圖譜關聯或 covered 候選不代表真實、現時可走或全程有蓋路線。,https://www.google.com/maps/search/?api=1&query=%E5%B8%8C%E7%88%BE%E9%A0%93%E4%B8%AD%E5%BF%83%20%E9%A6%99%E6%B8%AF,candidate_image_reading
新城市廣場三期 (New Town Plaza Phase 3),新城市廣場三期 香港,ID：building-new-town-plaza-phase-3 | 類別：building | 原始狀態：candidate_image_reading | 圖譜關聯車站／建築：希爾頓中心（building-hilton-plaza）；邊ID covered-link-157；邊狀態 candidate；端點核對 True；新城市廣場（building-new-town-plaza）；邊ID covered-link-155；邊狀態 candidate；端點核對 True | 證據 URL：原始記錄沒有提供可公開引用的外部證據 URL。 | GitHub 來源：https://github.com/wyf0824/hk-covered-walkways/blob/main/data/station-mall-graph.json | 使用說明：這是名稱／地址資料點，不是步行導航；GoogleMapsURL 是名稱搜尋連結，請自行核對結果。圖譜關聯或 covered 候選不代表真實、現時可走或全程有蓋路線。,https://www.google.com/maps/search/?api=1&query=%E6%96%B0%E5%9F%8E%E5%B8%82%E5%BB%A3%E5%A0%B4%E4%B8%89%E6%9C%9F%20%E9%A6%99%E6%B8%AF,candidate_image_reading
將軍澳廣場 (Tseung Kwan O Plaza),將軍澳廣場 香港,ID：building-tseung-kwan-o-plaza | 類別：building | 原始狀態：candidate_image_reading | 圖譜關聯車站／建築：PopCorn（building-popcorn）；邊ID covered-link-167；邊狀態 candidate；端點核對 True；將軍澳（tseung-kwan-o）；邊ID covered-link-159；邊狀態 candidate；端點核對 True；調景嶺體育館（building-tiu-keng-leng-sports-centre）；邊ID covered-link-168；邊狀態 candidate；端點核對 True | 證據 URL：原始記錄沒有提供可公開引用的外部證據 URL。 | GitHub 來源：https://github.com/wyf0824/hk-covered-walkways/blob/main/data/station-mall-graph.json | 使用說明：這是名稱／地址資料點，不是步行導航；GoogleMapsURL 是名稱搜尋連結，請自行核對結果。圖譜關聯或 covered 候選不代表真實、現時可走或全程有蓋路線。,https://www.google.com/maps/search/?api=1&query=%E5%B0%87%E8%BB%8D%E6%BE%B3%E5%BB%A3%E5%A0%B4%20%E9%A6%99%E6%B8%AF,candidate_image_reading
富康花園 (Beverly Garden),富康花園 香港,ID：building-fu-hong-garden | 類別：building | 原始狀態：candidate_image_reading | 圖譜關聯車站／建築：尚德廣場（building-sheung-tak-plaza）；邊ID covered-link-176；邊狀態 candidate；端點核對 True | 證據 URL：原始記錄沒有提供可公開引用的外部證據 URL。 | GitHub 來源：https://github.com/wyf0824/hk-covered-walkways/blob/main/data/station-mall-graph.json | 使用說明：這是名稱／地址資料點，不是步行導航；GoogleMapsURL 是名稱搜尋連結，請自行核對結果。圖譜關聯或 covered 候選不代表真實、現時可走或全程有蓋路線。,https://www.google.com/maps/search/?api=1&query=%E5%AF%8C%E5%BA%B7%E8%8A%B1%E5%9C%92%20%E9%A6%99%E6%B8%AF,candidate_image_reading
寶盈花園 (Po Ying Garden),寶盈花園 香港,ID：building-po-ying-garden | 類別：building | 原始狀態：candidate_image_reading | 圖譜關聯車站／建築：PopCorn 二期（building-popcorn-ii）；邊ID covered-link-162；邊狀態 candidate；端點核對 True | 證據 URL：原始記錄沒有提供可公開引用的外部證據 URL。 | GitHub 來源：https://github.com/wyf0824/hk-covered-walkways/blob/main/data/station-mall-graph.json | 使用說明：這是名稱／地址資料點，不是步行導航；GoogleMapsURL 是名稱搜尋連結，請自行核對結果。圖譜關聯或 covered 候選不代表真實、現時可走或全程有蓋路線。,https://www.google.com/maps/search/?api=1&query=%E5%AF%B6%E7%9B%88%E8%8A%B1%E5%9C%92%20%E9%A6%99%E6%B8%AF,candidate_image_reading
PopCorn 二期 (PopCorn Phase II),PopCorn 二期 香港,ID：building-popcorn-ii | 類別：building | 原始狀態：candidate_image_reading | 圖譜關聯車站／建築：PopCorn（building-popcorn）；邊ID covered-link-161；邊狀態 candidate；端點核對 True；寶盈花園（building-po-ying-garden）；邊ID covered-link-162；邊狀態 candidate；端點核對 True | 證據 URL：原始記錄沒有提供可公開引用的外部證據 URL。 | GitHub 來源：https://github.com/wyf0824/hk-covered-walkways/blob/main/data/station-mall-graph.json | 使用說明：這是名稱／地址資料點，不是步行導航；GoogleMapsURL 是名稱搜尋連結，請自行核對結果。圖譜關聯或 covered 候選不代表真實、現時可走或全程有蓋路線。,https://www.google.com/maps/search/?api=1&query=PopCorn%20%E4%BA%8C%E6%9C%9F%20%E9%A6%99%E6%B8%AF,candidate_image_reading
天晉 (The Wings),天晉 香港,ID：building-the-wings | 類別：building | 原始狀態：candidate_image_reading | 圖譜關聯車站／建築：PopCorn（building-popcorn）；邊ID covered-link-166；邊狀態 candidate；端點核對 True | 證據 URL：原始記錄沒有提供可公開引用的外部證據 URL。 | GitHub 來源：https://github.com/wyf0824/hk-covered-walkways/blob/main/data/station-mall-graph.json | 使用說明：這是名稱／地址資料點，不是步行導航；GoogleMapsURL 是名稱搜尋連結，請自行核對結果。圖譜關聯或 covered 候選不代表真實、現時可走或全程有蓋路線。,https://www.google.com/maps/search/?api=1&query=%E5%A4%A9%E6%99%89%20%E9%A6%99%E6%B8%AF,candidate_image_reading
天晉二期 (The Wings II),天晉二期 香港,ID：building-the-wings-ii | 類別：building | 原始狀態：candidate_image_reading | 圖譜關聯車站／建築：PopCorn（building-popcorn）；邊ID covered-link-165；邊狀態 candidate；端點核對 True | 證據 URL：原始記錄沒有提供可公開引用的外部證據 URL。 | GitHub 來源：https://github.com/wyf0824/hk-covered-walkways/blob/main/data/station-mall-graph.json | 使用說明：這是名稱／地址資料點，不是步行導航；GoogleMapsURL 是名稱搜尋連結，請自行核對結果。圖譜關聯或 covered 候選不代表真實、現時可走或全程有蓋路線。,https://www.google.com/maps/search/?api=1&query=%E5%A4%A9%E6%99%89%E4%BA%8C%E6%9C%9F%20%E9%A6%99%E6%B8%AF,candidate_image_reading
尚德停車場 (Sheung Tak Car Park),尚德停車場 香港,ID：building-sheung-tak-car-park | 類別：building | 原始狀態：candidate_image_reading | 圖譜關聯車站／建築：PopCorn（building-popcorn）；邊ID covered-link-163；邊狀態 candidate；端點核對 True；尚德廣場（building-sheung-tak-plaza）；邊ID covered-link-164；邊狀態 candidate；端點核對 True | 證據 URL：原始記錄沒有提供可公開引用的外部證據 URL。 | GitHub 來源：https://github.com/wyf0824/hk-covered-walkways/blob/main/data/station-mall-graph.json | 使用說明：這是名稱／地址資料點，不是步行導航；GoogleMapsURL 是名稱搜尋連結，請自行核對結果。圖譜關聯或 covered 候選不代表真實、現時可走或全程有蓋路線。,https://www.google.com/maps/search/?api=1&query=%E5%B0%9A%E5%BE%B7%E5%81%9C%E8%BB%8A%E5%A0%B4%20%E9%A6%99%E6%B8%AF,candidate_image_reading
尚德廣場 (Sheung Tak Plaza),尚德廣場 香港,ID：building-sheung-tak-plaza | 類別：building | 原始狀態：candidate_image_reading | 圖譜關聯車站／建築：富康花園（building-fu-hong-garden）；邊ID covered-link-176；邊狀態 candidate；端點核對 True；尚德停車場（building-sheung-tak-car-park）；邊ID covered-link-164；邊狀態 candidate；端點核對 True | 證據 URL：原始記錄沒有提供可公開引用的外部證據 URL。 | GitHub 來源：https://github.com/wyf0824/hk-covered-walkways/blob/main/data/station-mall-graph.json | 使用說明：這是名稱／地址資料點，不是步行導航；GoogleMapsURL 是名稱搜尋連結，請自行核對結果。圖譜關聯或 covered 候選不代表真實、現時可走或全程有蓋路線。,https://www.google.com/maps/search/?api=1&query=%E5%B0%9A%E5%BE%B7%E5%BB%A3%E5%A0%B4%20%E9%A6%99%E6%B8%AF,candidate_image_reading
調景嶺公共圖書館 (Tiu Keng Leng Public Library),調景嶺公共圖書館 香港,ID：building-tiu-keng-leng-public-library | 類別：building | 原始狀態：candidate_image_reading | 圖譜關聯車站／建築：調景嶺體育館（building-tiu-keng-leng-sports-centre）；邊ID covered-link-177；邊狀態 candidate；端點核對 True | 證據 URL：原始記錄沒有提供可公開引用的外部證據 URL。 | GitHub 來源：https://github.com/wyf0824/hk-covered-walkways/blob/main/data/station-mall-graph.json | 使用說明：這是名稱／地址資料點，不是步行導航；GoogleMapsURL 是名稱搜尋連結，請自行核對結果。圖譜關聯或 covered 候選不代表真實、現時可走或全程有蓋路線。,https://www.google.com/maps/search/?api=1&query=%E8%AA%BF%E6%99%AF%E5%B6%BA%E5%85%AC%E5%85%B1%E5%9C%96%E6%9B%B8%E9%A4%A8%20%E9%A6%99%E6%B8%AF,candidate_image_reading
入境事務處總部 (Immigration Department Headquarters),入境事務處總部 香港,ID：building-immigration-department-hq | 類別：building | 原始狀態：candidate_image_reading | 圖譜關聯車站／建築：調景嶺體育館（building-tiu-keng-leng-sports-centre）；邊ID covered-link-178；邊狀態 candidate；端點核對 True | 證據 URL：原始記錄沒有提供可公開引用的外部證據 URL。 | GitHub 來源：https://github.com/wyf0824/hk-covered-walkways/blob/main/data/station-mall-graph.json | 使用說明：這是名稱／地址資料點，不是步行導航；GoogleMapsURL 是名稱搜尋連結，請自行核對結果。圖譜關聯或 covered 候選不代表真實、現時可走或全程有蓋路線。,https://www.google.com/maps/search/?api=1&query=%E5%85%A5%E5%A2%83%E4%BA%8B%E5%8B%99%E8%99%95%E7%B8%BD%E9%83%A8%20%E9%A6%99%E6%B8%AF,candidate_image_reading
調景嶺體育館 (Tiu Keng Leng Sports Centre),調景嶺體育館 香港,ID：building-tiu-keng-leng-sports-centre | 類別：building | 原始狀態：candidate_image_reading | 圖譜關聯車站／建築：入境事務處總部（building-immigration-department-hq）；邊ID covered-link-178；邊狀態 candidate；端點核對 True；將軍澳廣場（building-tseung-kwan-o-plaza）；邊ID covered-link-168；邊狀態 candidate；端點核對 True；調景嶺公共圖書館（building-tiu-keng-leng-public-library）；邊ID covered-link-177；邊狀態 candidate；端點核對 True | 證據 URL：原始記錄沒有提供可公開引用的外部證據 URL。 | GitHub 來源：https://github.com/wyf0824/hk-covered-walkways/blob/main/data/station-mall-graph.json | 使用說明：這是名稱／地址資料點，不是步行導航；GoogleMapsURL 是名稱搜尋連結，請自行核對結果。圖譜關聯或 covered 候選不代表真實、現時可走或全程有蓋路線。,https://www.google.com/maps/search/?api=1&query=%E8%AA%BF%E6%99%AF%E5%B6%BA%E9%AB%94%E8%82%B2%E9%A4%A8%20%E9%A6%99%E6%B8%AF,candidate_image_reading
日出康城 睿峰 (Lohas Park development (睿峰)),日出康城 睿峰 香港,ID：building-lohas-ruifeng | 類別：building | 原始狀態：candidate_image_reading | 圖譜關聯車站／建築：康城（lohas-park）；邊ID covered-link-170；邊狀態 candidate；端點核對 True；海茵莊園（building-marini）；邊ID covered-link-172；邊狀態 candidate；端點核對 True | 證據 URL：原始記錄沒有提供可公開引用的外部證據 URL。 | GitHub 來源：https://github.com/wyf0824/hk-covered-walkways/blob/main/data/station-mall-graph.json | 使用說明：這是名稱／地址資料點，不是步行導航；GoogleMapsURL 是名稱搜尋連結，請自行核對結果。圖譜關聯或 covered 候選不代表真實、現時可走或全程有蓋路線。,https://www.google.com/maps/search/?api=1&query=%E6%97%A5%E5%87%BA%E5%BA%B7%E5%9F%8E%20%E7%9D%BF%E5%B3%B0%20%E9%A6%99%E6%B8%AF,candidate_image_reading
海茵莊園 (Marini),海茵莊園 香港,ID：building-marini | 類別：building | 原始狀態：candidate_image_reading | 圖譜關聯車站／建築：峻瀅II（building-the-beaumount-ii）；邊ID covered-link-173；邊狀態 candidate；端點核對 True；康城（lohas-park）；邊ID covered-link-174；邊狀態 candidate；端點核對 True；日出康城 睿峰（building-lohas-ruifeng）；邊ID covered-link-172；邊狀態 candidate；端點核對 True | 證據 URL：原始記錄沒有提供可公開引用的外部證據 URL。 | GitHub 來源：https://github.com/wyf0824/hk-covered-walkways/blob/main/data/station-mall-graph.json | 使用說明：這是名稱／地址資料點，不是步行導航；GoogleMapsURL 是名稱搜尋連結，請自行核對結果。圖譜關聯或 covered 候選不代表真實、現時可走或全程有蓋路線。,https://www.google.com/maps/search/?api=1&query=%E6%B5%B7%E8%8C%B5%E8%8E%8A%E5%9C%92%20%E9%A6%99%E6%B8%AF,candidate_image_reading
峻瀅II (The Beaumount II),峻瀅II 香港,ID：building-the-beaumount-ii | 類別：building | 原始狀態：candidate_image_reading | 圖譜關聯車站／建築：康城（lohas-park）；邊ID covered-link-175；邊狀態 candidate；端點核對 True；海茵莊園（building-marini）；邊ID covered-link-173；邊狀態 candidate；端點核對 True | 證據 URL：原始記錄沒有提供可公開引用的外部證據 URL。 | GitHub 來源：https://github.com/wyf0824/hk-covered-walkways/blob/main/data/station-mall-graph.json | 使用說明：這是名稱／地址資料點，不是步行導航；GoogleMapsURL 是名稱搜尋連結，請自行核對結果。圖譜關聯或 covered 候選不代表真實、現時可走或全程有蓋路線。,https://www.google.com/maps/search/?api=1&query=%E5%B3%BB%E7%80%85II%20%E9%A6%99%E6%B8%AF,candidate_image_reading
連理街 (The Lane),連理街 香港,ID：building-lian-li-street | 類別：building | 原始狀態：candidate_image_reading | 圖譜關聯車站／建築：南豐廣場（building-nan-fung-plaza）；邊ID covered-link-180；邊狀態 candidate；端點核對 True；坑口（hang-hau）；邊ID covered-link-179；邊狀態 candidate；端點核對 True；東港城（building-east-point-city）；邊ID covered-link-181；邊狀態 candidate；端點核對 True；海悅豪園（building-hai-yue-wan）；邊ID covered-link-182；邊狀態 candidate；端點核對 True | 證據 URL：原始記錄沒有提供可公開引用的外部證據 URL。 | GitHub 來源：https://github.com/wyf0824/hk-covered-walkways/blob/main/data/station-mall-graph.json | 使用說明：這是名稱／地址資料點，不是步行導航；GoogleMapsURL 是名稱搜尋連結，請自行核對結果。圖譜關聯或 covered 候選不代表真實、現時可走或全程有蓋路線。,https://www.google.com/maps/search/?api=1&query=%E9%80%A3%E7%90%86%E8%A1%97%20%E9%A6%99%E6%B8%AF,candidate_image_reading
南豐廣場 (Nan Fung Plaza),南豐廣場 香港,ID：building-nan-fung-plaza | 類別：building | 原始狀態：candidate_image_reading | 圖譜關聯車站／建築：連理街（building-lian-li-street）；邊ID covered-link-180；邊狀態 candidate；端點核對 True | 證據 URL：原始記錄沒有提供可公開引用的外部證據 URL。 | GitHub 來源：https://github.com/wyf0824/hk-covered-walkways/blob/main/data/station-mall-graph.json | 使用說明：這是名稱／地址資料點，不是步行導航；GoogleMapsURL 是名稱搜尋連結，請自行核對結果。圖譜關聯或 covered 候選不代表真實、現時可走或全程有蓋路線。,https://www.google.com/maps/search/?api=1&query=%E5%8D%97%E8%B1%90%E5%BB%A3%E5%A0%B4%20%E9%A6%99%E6%B8%AF,candidate_image_reading
東港城 (East Point City),東港城 香港,ID：building-east-point-city | 類別：building | 原始狀態：candidate_image_reading | 圖譜關聯車站／建築：TKO GATEWAY（building-tko-gateway）；邊ID covered-link-184；邊狀態 candidate；端點核對 True；和明苑（building-wah-ming-court）；邊ID covered-link-185；邊狀態 candidate；端點核對 True；連理街（building-lian-li-street）；邊ID covered-link-181；邊狀態 candidate；端點核對 True | 證據 URL：原始記錄沒有提供可公開引用的外部證據 URL。 | GitHub 來源：https://github.com/wyf0824/hk-covered-walkways/blob/main/data/station-mall-graph.json | 使用說明：這是名稱／地址資料點，不是步行導航；GoogleMapsURL 是名稱搜尋連結，請自行核對結果。圖譜關聯或 covered 候選不代表真實、現時可走或全程有蓋路線。,https://www.google.com/maps/search/?api=1&query=%E6%9D%B1%E6%B8%AF%E5%9F%8E%20%E9%A6%99%E6%B8%AF,candidate_image_reading
海悅豪園 (Maritime Bay),海悅豪園 香港,ID：building-hai-yue-wan | 類別：building | 原始狀態：candidate_image_reading | 圖譜關聯車站／建築：新寶城（building-sunshine-city）；邊ID covered-link-183；邊狀態 candidate；端點核對 True；連理街（building-lian-li-street）；邊ID covered-link-182；邊狀態 candidate；端點核對 True | 證據 URL：原始記錄沒有提供可公開引用的外部證據 URL。 | GitHub 來源：https://github.com/wyf0824/hk-covered-walkways/blob/main/data/station-mall-graph.json | 使用說明：這是名稱／地址資料點，不是步行導航；GoogleMapsURL 是名稱搜尋連結，請自行核對結果。圖譜關聯或 covered 候選不代表真實、現時可走或全程有蓋路線。,https://www.google.com/maps/search/?api=1&query=%E6%B5%B7%E6%82%85%E8%B1%AA%E5%9C%92%20%E9%A6%99%E6%B8%AF,candidate_image_reading
新寶城 (Sunshine City),新寶城 香港,ID：building-sunshine-city | 類別：building | 原始狀態：candidate_image_reading | 圖譜關聯車站／建築：海悅豪園（building-hai-yue-wan）；邊ID covered-link-183；邊狀態 candidate；端點核對 True | 證據 URL：原始記錄沒有提供可公開引用的外部證據 URL。 | GitHub 來源：https://github.com/wyf0824/hk-covered-walkways/blob/main/data/station-mall-graph.json | 使用說明：這是名稱／地址資料點，不是步行導航；GoogleMapsURL 是名稱搜尋連結，請自行核對結果。圖譜關聯或 covered 候選不代表真實、現時可走或全程有蓋路線。,https://www.google.com/maps/search/?api=1&query=%E6%96%B0%E5%AF%B6%E5%9F%8E%20%E9%A6%99%E6%B8%AF,candidate_image_reading
和明苑 (Wo Ming Court),和明苑 香港,ID：building-wah-ming-court | 類別：building | 原始狀態：candidate_image_reading | 圖譜關聯車站／建築：東港城（building-east-point-city）；邊ID covered-link-185；邊狀態 candidate；端點核對 True | 證據 URL：原始記錄沒有提供可公開引用的外部證據 URL。 | GitHub 來源：https://github.com/wyf0824/hk-covered-walkways/blob/main/data/station-mall-graph.json | 使用說明：這是名稱／地址資料點，不是步行導航；GoogleMapsURL 是名稱搜尋連結，請自行核對結果。圖譜關聯或 covered 候選不代表真實、現時可走或全程有蓋路線。,https://www.google.com/maps/search/?api=1&query=%E5%92%8C%E6%98%8E%E8%8B%91%20%E9%A6%99%E6%B8%AF,candidate_image_reading
新都城一期 (Metro City Phase 1),新都城一期 香港,ID：building-metro-city-phase-1 | 類別：building | 原始狀態：candidate_image_reading | 圖譜關聯車站／建築：寶琳（po-lam）；邊ID covered-link-186；邊狀態 candidate；端點核對 True；新都城三期（building-metro-city-phase-3）；邊ID covered-link-190；邊狀態 candidate；端點核對 True | 證據 URL：原始記錄沒有提供可公開引用的外部證據 URL。 | GitHub 來源：https://github.com/wyf0824/hk-covered-walkways/blob/main/data/station-mall-graph.json | 使用說明：這是名稱／地址資料點，不是步行導航；GoogleMapsURL 是名稱搜尋連結，請自行核對結果。圖譜關聯或 covered 候選不代表真實、現時可走或全程有蓋路線。,https://www.google.com/maps/search/?api=1&query=%E6%96%B0%E9%83%BD%E5%9F%8E%E4%B8%80%E6%9C%9F%20%E9%A6%99%E6%B8%AF,candidate_image_reading
新都城二期 (Metro City Phase 2),新都城二期 香港,ID：building-metro-city-phase-2 | 類別：building | 原始狀態：candidate_image_reading | 圖譜關聯車站／建築：寶琳（po-lam）；邊ID covered-link-187；邊狀態 candidate；端點核對 True；新都城三期（building-metro-city-phase-3）；邊ID covered-link-189；邊狀態 candidate；端點核對 True | 證據 URL：原始記錄沒有提供可公開引用的外部證據 URL。 | GitHub 來源：https://github.com/wyf0824/hk-covered-walkways/blob/main/data/station-mall-graph.json | 使用說明：這是名稱／地址資料點，不是步行導航；GoogleMapsURL 是名稱搜尋連結，請自行核對結果。圖譜關聯或 covered 候選不代表真實、現時可走或全程有蓋路線。,https://www.google.com/maps/search/?api=1&query=%E6%96%B0%E9%83%BD%E5%9F%8E%E4%BA%8C%E6%9C%9F%20%E9%A6%99%E6%B8%AF,candidate_image_reading
新都城三期 (Metro City Phase 3),新都城三期 香港,ID：building-metro-city-phase-3 | 類別：building | 原始狀態：candidate_image_reading | 圖譜關聯車站／建築：寶琳（po-lam）；邊ID covered-link-188；邊狀態 candidate；端點核對 True；新都城一期（building-metro-city-phase-1）；邊ID covered-link-190；邊狀態 candidate；端點核對 True；新都城二期（building-metro-city-phase-2）；邊ID covered-link-189；邊狀態 candidate；端點核對 True | 證據 URL：原始記錄沒有提供可公開引用的外部證據 URL。 | GitHub 來源：https://github.com/wyf0824/hk-covered-walkways/blob/main/data/station-mall-graph.json | 使用說明：這是名稱／地址資料點，不是步行導航；GoogleMapsURL 是名稱搜尋連結，請自行核對結果。圖譜關聯或 covered 候選不代表真實、現時可走或全程有蓋路線。,https://www.google.com/maps/search/?api=1&query=%E6%96%B0%E9%83%BD%E5%9F%8E%E4%B8%89%E6%9C%9F%20%E9%A6%99%E6%B8%AF,candidate_image_reading
郵政總局 (General Post Office),郵政總局 香港,ID：building-general-post-office | 類別：government | 原始狀態：candidate_image_reading | 圖譜關聯車站／建築：沒有圖譜關聯記錄。 | 證據 URL：原始記錄沒有提供可公開引用的外部證據 URL。 | GitHub 來源：https://github.com/wyf0824/hk-covered-walkways/blob/main/data/station-mall-graph.json | 使用說明：這是名稱／地址資料點，不是步行導航；GoogleMapsURL 是名稱搜尋連結，請自行核對結果。圖譜關聯或 covered 候選不代表真實、現時可走或全程有蓋路線。,https://www.google.com/maps/search/?api=1&query=%E9%83%B5%E6%94%BF%E7%B8%BD%E5%B1%80%20%E9%A6%99%E6%B8%AF,candidate_image_reading
友邦金融中心 (AIA Central),友邦金融中心 香港,ID：building-aia-central | 類別：office | 原始狀態：candidate_image_reading | 圖譜關聯車站／建築：交易廣場（building-exchange-square）；邊ID walk-central-002；邊狀態 candidate；端點核對 True | 證據 URL：原始記錄沒有提供可公開引用的外部證據 URL。 | GitHub 來源：https://github.com/wyf0824/hk-covered-walkways/blob/main/data/station-mall-graph.json | 使用說明：這是名稱／地址資料點，不是步行導航；GoogleMapsURL 是名稱搜尋連結，請自行核對結果。圖譜關聯或 covered 候選不代表真實、現時可走或全程有蓋路線。,https://www.google.com/maps/search/?api=1&query=%E5%8F%8B%E9%82%A6%E9%87%91%E8%9E%8D%E4%B8%AD%E5%BF%83%20%E9%A6%99%E6%B8%AF,candidate_image_reading
"香港文華東方酒店 (Mandarin Oriental, Hong Kong)",香港文華東方酒店 香港,ID：building-mandarin-oriental-hong-kong | 類別：hotel | 原始狀態：candidate_image_reading | 圖譜關聯車站／建築：太子大廈（building-prince-building）；邊ID walk-central-003；邊狀態 candidate；端點核對 True | 證據 URL：原始記錄沒有提供可公開引用的外部證據 URL。 | GitHub 來源：https://github.com/wyf0824/hk-covered-walkways/blob/main/data/station-mall-graph.json | 使用說明：這是名稱／地址資料點，不是步行導航；GoogleMapsURL 是名稱搜尋連結，請自行核對結果。圖譜關聯或 covered 候選不代表真實、現時可走或全程有蓋路線。,https://www.google.com/maps/search/?api=1&query=%E9%A6%99%E6%B8%AF%E6%96%87%E8%8F%AF%E6%9D%B1%E6%96%B9%E9%85%92%E5%BA%97%20%E9%A6%99%E6%B8%AF,candidate_image_reading
渣打銀行大廈 (Standard Chartered Bank Building),渣打銀行大廈 香港,ID：building-standard-chartered-bank | 類別：office | 原始狀態：candidate_image_reading | 圖譜關聯車站／建築：滙豐銀行大廈（building-hsbc-main）；邊ID walk-central-004；邊狀態 candidate；端點核對 True | 證據 URL：原始記錄沒有提供可公開引用的外部證據 URL。 | GitHub 來源：https://github.com/wyf0824/hk-covered-walkways/blob/main/data/station-mall-graph.json | 使用說明：這是名稱／地址資料點，不是步行導航；GoogleMapsURL 是名稱搜尋連結，請自行核對結果。圖譜關聯或 covered 候選不代表真實、現時可走或全程有蓋路線。,https://www.google.com/maps/search/?api=1&query=%E6%B8%A3%E6%89%93%E9%8A%80%E8%A1%8C%E5%A4%A7%E5%BB%88%20%E9%A6%99%E6%B8%AF,candidate_image_reading
滙豐銀行大廈 (HSBC Main Building),滙豐銀行大廈 香港,ID：building-hsbc-main | 類別：office | 原始狀態：candidate_image_reading | 圖譜關聯車站／建築：渣打銀行大廈（building-standard-chartered-bank）；邊ID walk-central-004；邊狀態 candidate；端點核對 True | 證據 URL：原始記錄沒有提供可公開引用的外部證據 URL。 | GitHub 來源：https://github.com/wyf0824/hk-covered-walkways/blob/main/data/station-mall-graph.json | 使用說明：這是名稱／地址資料點，不是步行導航；GoogleMapsURL 是名稱搜尋連結，請自行核對結果。圖譜關聯或 covered 候選不代表真實、現時可走或全程有蓋路線。,https://www.google.com/maps/search/?api=1&query=%E6%BB%99%E8%B1%90%E9%8A%80%E8%A1%8C%E5%A4%A7%E5%BB%88%20%E9%A6%99%E6%B8%AF,candidate_image_reading
長江集團中心二期 (Cheung Kong Center Phase II),長江集團中心二期 香港,ID：building-cheung-kong-centre-phase-2 | 類別：office | 原始狀態：candidate_image_reading | 圖譜關聯車站／建築：美國銀行中心（building-bank-of-america-centre）；邊ID walk-central-005；邊狀態 candidate；端點核對 True | 證據 URL：原始記錄沒有提供可公開引用的外部證據 URL。 | GitHub 來源：https://github.com/wyf0824/hk-covered-walkways/blob/main/data/station-mall-graph.json | 使用說明：這是名稱／地址資料點，不是步行導航；GoogleMapsURL 是名稱搜尋連結，請自行核對結果。圖譜關聯或 covered 候選不代表真實、現時可走或全程有蓋路線。,https://www.google.com/maps/search/?api=1&query=%E9%95%B7%E6%B1%9F%E9%9B%86%E5%9C%98%E4%B8%AD%E5%BF%83%E4%BA%8C%E6%9C%9F%20%E9%A6%99%E6%B8%AF,candidate_image_reading
美國銀行中心 (Bank of America Tower),美國銀行中心 香港,ID：building-bank-of-america-centre | 類別：office | 原始狀態：candidate_image_reading | 圖譜關聯車站／建築：長江集團中心二期（building-cheung-kong-centre-phase-2）；邊ID walk-central-005；邊狀態 candidate；端點核對 True | 證據 URL：原始記錄沒有提供可公開引用的外部證據 URL。 | GitHub 來源：https://github.com/wyf0824/hk-covered-walkways/blob/main/data/station-mall-graph.json | 使用說明：這是名稱／地址資料點，不是步行導航；GoogleMapsURL 是名稱搜尋連結，請自行核對結果。圖譜關聯或 covered 候選不代表真實、現時可走或全程有蓋路線。,https://www.google.com/maps/search/?api=1&query=%E7%BE%8E%E5%9C%8B%E9%8A%80%E8%A1%8C%E4%B8%AD%E5%BF%83%20%E9%A6%99%E6%B8%AF,candidate_image_reading
華懋中心 (Chinachem Centre),華懋中心 香港,ID：building-chinachem-centre | 類別：office | 原始狀態：candidate_image_reading | 圖譜關聯車站／建築：沒有圖譜關聯記錄。 | 證據 URL：原始記錄沒有提供可公開引用的外部證據 URL。 | GitHub 來源：https://github.com/wyf0824/hk-covered-walkways/blob/main/data/station-mall-graph.json | 使用說明：這是名稱／地址資料點，不是步行導航；GoogleMapsURL 是名稱搜尋連結，請自行核對結果。圖譜關聯或 covered 候選不代表真實、現時可走或全程有蓋路線。,https://www.google.com/maps/search/?api=1&query=%E8%8F%AF%E6%87%8B%E4%B8%AD%E5%BF%83%20%E9%A6%99%E6%B8%AF,candidate_image_reading
遮打花園 (Chater Garden),遮打花園 香港,ID：building-chater-garden | 類別：garden | 原始狀態：candidate_image_reading | 圖譜關聯車站／建築：The Henderson（building-the-henderson）；邊ID walk-central-006；邊狀態 candidate；端點核對 True | 證據 URL：原始記錄沒有提供可公開引用的外部證據 URL。 | GitHub 來源：https://github.com/wyf0824/hk-covered-walkways/blob/main/data/station-mall-graph.json | 使用說明：這是名稱／地址資料點，不是步行導航；GoogleMapsURL 是名稱搜尋連結，請自行核對結果。圖譜關聯或 covered 候選不代表真實、現時可走或全程有蓋路線。,https://www.google.com/maps/search/?api=1&query=%E9%81%AE%E6%89%93%E8%8A%B1%E5%9C%92%20%E9%A6%99%E6%B8%AF,candidate_image_reading
花旗銀行中心 (Citibank Centre),花旗銀行中心 香港,ID：building-citibank-centre | 類別：office | 原始狀態：candidate_image_reading | 圖譜關聯車站／建築：沒有圖譜關聯記錄。 | 證據 URL：原始記錄沒有提供可公開引用的外部證據 URL。 | GitHub 來源：https://github.com/wyf0824/hk-covered-walkways/blob/main/data/station-mall-graph.json | 使用說明：這是名稱／地址資料點，不是步行導航；GoogleMapsURL 是名稱搜尋連結，請自行核對結果。圖譜關聯或 covered 候選不代表真實、現時可走或全程有蓋路線。,https://www.google.com/maps/search/?api=1&query=%E8%8A%B1%E6%97%97%E9%8A%80%E8%A1%8C%E4%B8%AD%E5%BF%83%20%E9%A6%99%E6%B8%AF,candidate_image_reading
太古廣場三座 (Pacific Place Three),太古廣場三座 香港,ID：building-pacific-place-three | 類別：office | 原始狀態：candidate_image_reading | 圖譜關聯車站／建築：沒有圖譜關聯記錄。 | 證據 URL：原始記錄沒有提供可公開引用的外部證據 URL。 | GitHub 來源：https://github.com/wyf0824/hk-covered-walkways/blob/main/data/station-mall-graph.json | 使用說明：這是名稱／地址資料點，不是步行導航；GoogleMapsURL 是名稱搜尋連結，請自行核對結果。圖譜關聯或 covered 候選不代表真實、現時可走或全程有蓋路線。,https://www.google.com/maps/search/?api=1&query=%E5%A4%AA%E5%8F%A4%E5%BB%A3%E5%A0%B4%E4%B8%89%E5%BA%A7%20%E9%A6%99%E6%B8%AF,candidate_image_reading
高等法院 (High Court),高等法院 香港,ID：building-high-court | 類別：government | 原始狀態：candidate_image_reading | 圖譜關聯車站／建築：沒有圖譜關聯記錄。 | 證據 URL：原始記錄沒有提供可公開引用的外部證據 URL。 | GitHub 來源：https://github.com/wyf0824/hk-covered-walkways/blob/main/data/station-mall-graph.json | 使用說明：這是名稱／地址資料點，不是步行導航；GoogleMapsURL 是名稱搜尋連結，請自行核對結果。圖譜關聯或 covered 候選不代表真實、現時可走或全程有蓋路線。,https://www.google.com/maps/search/?api=1&query=%E9%AB%98%E7%AD%89%E6%B3%95%E9%99%A2%20%E9%A6%99%E6%B8%AF,candidate_image_reading
東昌大廈 (DCH Building),東昌大廈 香港,ID：building-dch-building | 類別：office | 原始狀態：candidate_image_reading | 圖譜關聯車站／建築：沒有圖譜關聯記錄。 | 證據 URL：原始記錄沒有提供可公開引用的外部證據 URL。 | GitHub 來源：https://github.com/wyf0824/hk-covered-walkways/blob/main/data/station-mall-graph.json | 使用說明：這是名稱／地址資料點，不是步行導航；GoogleMapsURL 是名稱搜尋連結，請自行核對結果。圖譜關聯或 covered 候選不代表真實、現時可走或全程有蓋路線。,https://www.google.com/maps/search/?api=1&query=%E6%9D%B1%E6%98%8C%E5%A4%A7%E5%BB%88%20%E9%A6%99%E6%B8%AF,candidate_image_reading
恒生銀行總行 (Hang Seng Bank Headquarters),恒生銀行總行 香港,ID：building-hang-seng-bank-hq | 類別：office | 原始狀態：candidate_image_reading | 圖譜關聯車站／建築：沒有圖譜關聯記錄。 | 證據 URL：原始記錄沒有提供可公開引用的外部證據 URL。 | GitHub 來源：https://github.com/wyf0824/hk-covered-walkways/blob/main/data/station-mall-graph.json | 使用說明：這是名稱／地址資料點，不是步行導航；GoogleMapsURL 是名稱搜尋連結，請自行核對結果。圖譜關聯或 covered 候選不代表真實、現時可走或全程有蓋路線。,https://www.google.com/maps/search/?api=1&query=%E6%81%92%E7%94%9F%E9%8A%80%E8%A1%8C%E7%B8%BD%E8%A1%8C%20%E9%A6%99%E6%B8%AF,candidate_image_reading
九龍酒店 (The Kowloon Hotel),九龍酒店 香港,ID：building-kowloon-hotel | 類別：building | 原始狀態：candidate_image_reading | 圖譜關聯車站／建築：尖東（east-tsim-sha-tsui）；邊ID walk-tst-east-kowloon-hotel；邊狀態 candidate；端點核對 True | 證據 URL：原始記錄沒有提供可公開引用的外部證據 URL。 | GitHub 來源：https://github.com/wyf0824/hk-covered-walkways/blob/main/data/station-mall-graph.json | 使用說明：這是名稱／地址資料點，不是步行導航；GoogleMapsURL 是名稱搜尋連結，請自行核對結果。圖譜關聯或 covered 候選不代表真實、現時可走或全程有蓋路線。,https://www.google.com/maps/search/?api=1&query=%E4%B9%9D%E9%BE%8D%E9%85%92%E5%BA%97%20%E9%A6%99%E6%B8%AF,candidate_image_reading
喜來登酒店 (Sheraton Hong Kong Hotel & Towers),喜來登酒店 香港,ID：building-sheraton-hong-kong | 類別：building | 原始狀態：candidate_image_reading | 圖譜關聯車站／建築：尖東（east-tsim-sha-tsui）；邊ID walk-tst-east-sheraton-hong-kong；邊狀態 candidate；端點核對 True | 證據 URL：原始記錄沒有提供可公開引用的外部證據 URL。 | GitHub 來源：https://github.com/wyf0824/hk-covered-walkways/blob/main/data/station-mall-graph.json | 使用說明：這是名稱／地址資料點，不是步行導航；GoogleMapsURL 是名稱搜尋連結，請自行核對結果。圖譜關聯或 covered 候選不代表真實、現時可走或全程有蓋路線。,https://www.google.com/maps/search/?api=1&query=%E5%96%9C%E4%BE%86%E7%99%BB%E9%85%92%E5%BA%97%20%E9%A6%99%E6%B8%AF,candidate_image_reading
K11人文購物藝術館 (K11 Art Mall),K11人文購物藝術館 香港,ID：building-k11-art-mall | 類別：building | 原始狀態：candidate_image_reading | 圖譜關聯車站／建築：尖沙咀（tsim-sha-tsui）；邊ID walk-tst-tst-k11-art-mall；邊狀態 candidate；端點核對 True | 證據 URL：原始記錄沒有提供可公開引用的外部證據 URL。 | GitHub 來源：https://github.com/wyf0824/hk-covered-walkways/blob/main/data/station-mall-graph.json | 使用說明：這是名稱／地址資料點，不是步行導航；GoogleMapsURL 是名稱搜尋連結，請自行核對結果。圖譜關聯或 covered 候選不代表真實、現時可走或全程有蓋路線。,https://www.google.com/maps/search/?api=1&query=K11%E4%BA%BA%E6%96%87%E8%B3%BC%E7%89%A9%E8%97%9D%E8%A1%93%E9%A4%A8%20%E9%A6%99%E6%B8%AF,candidate_image_reading
香港太空館 (Hong Kong Space Museum),香港太空館 香港,ID：building-hong-kong-space-museum | 類別：building | 原始狀態：candidate_image_reading | 圖譜關聯車站／建築：尖沙咀（tsim-sha-tsui）；邊ID walk-tst-tst-space-museum；邊狀態 candidate；端點核對 True；香港文化中心（building-hong-kong-cultural-centre）；邊ID walk-tst-space-to-cultural-centre；邊狀態 candidate；端點核對 True | 證據 URL：原始記錄沒有提供可公開引用的外部證據 URL。 | GitHub 來源：https://github.com/wyf0824/hk-covered-walkways/blob/main/data/station-mall-graph.json | 使用說明：這是名稱／地址資料點，不是步行導航；GoogleMapsURL 是名稱搜尋連結，請自行核對結果。圖譜關聯或 covered 候選不代表真實、現時可走或全程有蓋路線。,https://www.google.com/maps/search/?api=1&query=%E9%A6%99%E6%B8%AF%E5%A4%AA%E7%A9%BA%E9%A4%A8%20%E9%A6%99%E6%B8%AF,candidate_image_reading
香港文化中心 (Hong Kong Cultural Centre),香港文化中心 香港,ID：building-hong-kong-cultural-centre | 類別：building | 原始狀態：candidate_image_reading | 圖譜關聯車站／建築：尖沙咀（tsim-sha-tsui）；邊ID walk-tst-tst-cultural-centre-via-space；邊狀態 candidate；端點核對 True；香港太空館（building-hong-kong-space-museum）；邊ID walk-tst-space-to-cultural-centre；邊狀態 candidate；端點核對 True | 證據 URL：原始記錄沒有提供可公開引用的外部證據 URL。 | GitHub 來源：https://github.com/wyf0824/hk-covered-walkways/blob/main/data/station-mall-graph.json | 使用說明：這是名稱／地址資料點，不是步行導航；GoogleMapsURL 是名稱搜尋連結，請自行核對結果。圖譜關聯或 covered 候選不代表真實、現時可走或全程有蓋路線。,https://www.google.com/maps/search/?api=1&query=%E9%A6%99%E6%B8%AF%E6%96%87%E5%8C%96%E4%B8%AD%E5%BF%83%20%E9%A6%99%E6%B8%AF,candidate_image_reading
北京道一號 (One Peking),北京道一號 香港,ID：building-one-peking | 類別：building | 原始狀態：candidate_image_reading | 圖譜關聯車站／建築：尖沙咀（tsim-sha-tsui）；邊ID walk-tst-tst-one-peking；邊狀態 candidate；端點核對 True | 證據 URL：原始記錄沒有提供可公開引用的外部證據 URL。 | GitHub 來源：https://github.com/wyf0824/hk-covered-walkways/blob/main/data/station-mall-graph.json | 使用說明：這是名稱／地址資料點，不是步行導航；GoogleMapsURL 是名稱搜尋連結，請自行核對結果。圖譜關聯或 covered 候選不代表真實、現時可走或全程有蓋路線。,https://www.google.com/maps/search/?api=1&query=%E5%8C%97%E4%BA%AC%E9%81%93%E4%B8%80%E8%99%9F%20%E9%A6%99%E6%B8%AF,candidate_image_reading
新太陽廣場 (New Sun Plaza),新太陽廣場 香港,ID：building-new-sun-plaza | 類別：building | 原始狀態：candidate_image_reading | 圖譜關聯車站／建築：尖沙咀（tsim-sha-tsui）；邊ID walk-tst-tst-new-sun-plaza；邊狀態 candidate；端點核對 True | 證據 URL：原始記錄沒有提供可公開引用的外部證據 URL。 | GitHub 來源：https://github.com/wyf0824/hk-covered-walkways/blob/main/data/station-mall-graph.json | 使用說明：這是名稱／地址資料點，不是步行導航；GoogleMapsURL 是名稱搜尋連結，請自行核對結果。圖譜關聯或 covered 候選不代表真實、現時可走或全程有蓋路線。,https://www.google.com/maps/search/?api=1&query=%E6%96%B0%E5%A4%AA%E9%99%BD%E5%BB%A3%E5%A0%B4%20%E9%A6%99%E6%B8%AF,candidate_image_reading
旺角政府合署 (Mong Kok Government Offices),旺角政府合署 香港,ID：building-mong-kok-government-offices | 類別：building | 原始狀態：candidate_image_reading | 圖譜關聯車站／建築：旺角東（mong-kok-east）；邊ID walk-mongkok-east-government-offices；邊狀態 candidate；端點核對 True | 證據 URL：原始記錄沒有提供可公開引用的外部證據 URL。 | GitHub 來源：https://github.com/wyf0824/hk-covered-walkways/blob/main/data/station-mall-graph.json | 使用說明：這是名稱／地址資料點，不是步行導航；GoogleMapsURL 是名稱搜尋連結，請自行核對結果。圖譜關聯或 covered 候選不代表真實、現時可走或全程有蓋路線。,https://www.google.com/maps/search/?api=1&query=%E6%97%BA%E8%A7%92%E6%94%BF%E5%BA%9C%E5%90%88%E7%BD%B2%20%E9%A6%99%E6%B8%AF,candidate_image_reading
始創中心 (Pioneer Centre),"750 Nathan Road, Kowloon, Hong Kong",ID：building-pioneer-centre | 類別：building | 原始狀態：official_identity_only | 圖譜關聯車站／建築：太子（prince-edward）；邊ID official-access-prince-edward-pioneer-centre；邊狀態 official_access_only；端點核對 True | 證據 URL：https://www.pioneer-centre.com.hk/en/location | GitHub 來源：https://github.com/wyf0824/hk-covered-walkways/blob/main/data/station-mall-graph.json | 使用說明：這是名稱／地址資料點，不是步行導航；GoogleMapsURL 是名稱搜尋連結，請自行核對結果。圖譜關聯或 covered 候選不代表真實、現時可走或全程有蓋路線。 | 官方核查摘要（只限該筆）：始創中心 · 太子站 B2 出口。官方位置頁列出 750 Nathan Road，並建議太子站 B2（另列旺角東站 B3）。官方資料沒有確認車站直連或有蓋路線。 | 更多核查：https://github.com/wyf0824/hk-covered-walkways/blob/main/data/official-checks.json,https://www.google.com/maps/search/?api=1&query=%E5%A7%8B%E5%89%B5%E4%B8%AD%E5%BF%83%20%E9%A6%99%E6%B8%AF,official_identity_only
